"taxon_id","rank","name","parent","count","rank_count","perc","tags","health_effects","associated_diseases"
"203494","class","Verrucomicrobiae","Verrucomicrobia","8914","41389","0.21537123390272778","","",""
"186801","class","Clostridia","Firmicutes","23067","41389","0.5573219937664596","","",""
"200643","class","Bacteroidia","Bacteroidetes","7126","41389","0.1721713498755708","","",""
"909932","class","Negativicutes","Firmicutes","142","41389","0.003430863272850274","","",""
"795747","class","Ignavibacteria","Ignavibacteriae","3","41389","0.00007248302689120297","","",""
"28221","class","Deltaproteobacteria","Proteobacteria","334","41389","0.008069776993887265","","",""
"1236","class","Gammaproteobacteria","Proteobacteria","402","41389","0.009712725603421199","","",""
"91061","class","Bacilli","Firmicutes","357","41389","0.008625480200053154","","",""
"28216","class","Betaproteobacteria","Proteobacteria","406","41389","0.009809369639276136","","",""
"","class","other Firmicutes phylum","Firmicutes","63","41389","0.0015221435647152625","","",""
"768503","class","Cytophagia","Bacteroidetes","17","41389","0.00041073715238348354","","",""
"201174","class","Actinobacteria","Actinobacteria","88","41389","0.0021261687888086207","","",""
"526524","class","Erysipelotrichia","Firmicutes","289","41389","0.0069825315905192205","","",""
"31969","class","Mollicutes","Tenericutes","47","41389","0.0011355674212955133","","",""
"301297","class","Dehalococcoidia","Chloroflexi","4","41389","0.0000966440358549373","","",""
"","class","other Cyanobacteria phylum","Cyanobacteria","1","41389","0.000024161008963734324","","",""
"84998","class","Coriobacteriia","Actinobacteria","67","41389","0.0016187876005702","","",""
"28211","class","Alphaproteobacteria","Proteobacteria","23","41389","0.0005557032061658895","","",""
"204430","class","Fibrobacteria","Fibrobacteres","1","41389","0.000024161008963734324","","",""
"84992","class","Acidimicrobiia","Actinobacteria","1","41389","0.000024161008963734324","","",""
"1737404","class","Tissierellia","Firmicutes","6","41389","0.00014496605378240595","","",""
"1077257","class","Chthonomonadetes","Armatimonadetes","4","41389","0.0000966440358549373","","",""
"649775","class","Synergistia","Synergistetes","1","41389","0.000024161008963734324","","",""
"292625","class","Anaerolineae","Chloroflexi","1","41389","0.000024161008963734324","","",""
"1853221","class","Balneolia","Balneolaeota","2","41389","0.00004832201792746865","","",""
"191410","class","Chlorobia","Chlorobi","2","41389","0.00004832201792746865","","",""
"","class","other Bacteroidetes phylum","Bacteroidetes","8","41389","0.0001932880717098746","","",""
"200783","class","Aquificae","Aquificae","1","41389","0.000024161008963734324","","",""
"200795","class","Thermomicrobia","Chloroflexi","2","41389","0.00004832201792746865","","",""
"","class","other Proteobacteria phylum","Proteobacteria","6","41389","0.00014496605378240595","","",""
"1853228","class","Chitinophagia","Bacteroidetes","1","41389","0.000024161008963734324","","",""
"533205","class","Holophagae","Acidobacteria","2","41389","0.00004832201792746865","","",""
"134549","class","Spartobacteria","Verrucomicrobia","1","41389","0.000024161008963734324","","",""
"1647988","family","Akkermansiaceae","Verrucomicrobiales","8894","40966","0.21710686911097007","","",""
"543314","family","Clostridiales Family XIII. Incertae Sedis","Clostridiales","1555","40966","0.03795830688863936","","",""
"186803","family","Lachnospiraceae","Clostridiales","7827","40966","0.1910608797539423","","",""
"171550","family","Rikenellaceae","Bacteroidales","3071","40966","0.0749646047942196","","",""
"31979","family","Clostridiaceae","Clostridiales","1353","40966","0.03302738856612801","","",""
"541000","family","Ruminococcaceae","Clostridiales","9590","40966","0.23409656788556363","","",""
"815","family","Bacteroidaceae","Bacteroidales","3797","40966","0.09268661817116633","","",""
"186806","family","Eubacteriaceae","Clostridiales","909","40966","0.02218913245130108","","",""
"31977","family","Veillonellaceae","Veillonellales","121","40966","0.0029536688961577895","","",""
"1853231","family","Odoribacteraceae","Bacteroidales","180","40966","0.0043938876141190256","","",""
"1334117","family","Melioribacteraceae","Ignavibacteriales","3","40966","0.00007323146023531709","","",""
"216572","family","Oscillospiraceae","Clostridiales","768","40966","0.018747253820241176","","",""
"194924","family","Desulfovibrionaceae","Desulfovibrionales","314","40966","0.007664892837963189","","",""
"","family","other Enterobacterales order","Enterobacterales","303","40966","0.007396377483767026","","",""
"539003","family","Bacillales Family X. Incertae Sedis","Bacillales","98","40966","0.0023922277010203583","","",""
"995019","family","Sutterellaceae","Burkholderiales","357","40966","0.008714543768002734","","",""
"1300","family","Streptococcaceae","Lactobacillales","160","40966","0.0039056778792169117","","",""
"","family","other Clostridiales order","Clostridiales","390","40966","0.009520089830591221","","",""
"171551","family","Porphyromonadaceae","Bacteroidales","53","40966","0.001293755797490602","","",""
"28256","family","Halomonadaceae","Oceanospirillales","6","40966","0.00014646292047063418","","",""
"","family","other Firmicutes phylum","other Firmicutes phylum","63","40966","0.0015378606649416589","","",""
"563798","family","Cyclobacteriaceae","Cytophagales","8","40966","0.00019528389396084557","","",""
"31953","family","Bifidobacteriaceae","Bifidobacteriales","81","40966","0.0019772494263535613","","",""
"424536","family","Catabacteriaceae","Clostridiales","5","40966","0.00012205243372552849","","",""
"186822","family","Paenibacillaceae","Bacillales","41","40966","0.0010008299565493336","","",""
"128827","family","Erysipelotrichaceae","Erysipelotrichales","289","40966","0.007054630669335546","","",""
"1903409","family","Erwiniaceae","Enterobacterales","3","40966","0.00007323146023531709","","",""
"2146","family","Acholeplasmataceae","Acholeplasmatales","36","40966","0.0008787775228238052","","",""
"543349","family","Symbiobacteriaceae","Clostridiales","148","40966","0.0036127520382756434","","",""
"186804","family","Peptostreptococcaceae","Clostridiales","39","40966","0.0009520089830591222","","",""
"186823","family","Alicyclobacillaceae","Bacillales","1","40966","0.000024410486745105696","","",""
"","family","other Bacillales order","Bacillales","5","40966","0.00012205243372552849","","",""
"","family","other Cyanobacteria phylum","other Cyanobacteria phylum","1","40966","0.000024410486745105696","","",""
"2131","family","Spiroplasmataceae","Entomoplasmatales","10","40966","0.00024410486745105698","","",""
"203557","family","Verrucomicrobiaceae","Verrucomicrobiales","10","40966","0.00024410486745105698","","",""
"1643826","family","Eggerthellaceae","Eggerthellales","60","40966","0.0014646292047063418","","",""
"543","family","Enterobacteriaceae","Enterobacterales","15","40966","0.00036615730117658545","","",""
"213116","family","Desulfomicrobiaceae","Desulfovibrionales","5","40966","0.00012205243372552849","","",""
"1046","family","Chromatiaceae","Chromatiales","3","40966","0.00007323146023531709","","",""
"1903411","family","Yersiniaceae","Enterobacterales","42","40966","0.0010252404432944393","","",""
"","family","other Betaproteobacteria class","other Betaproteobacteria class","3","40966","0.00007323146023531709","","",""
"","family","other Verrucomicrobiales order","Verrucomicrobiales","10","40966","0.00024410486745105698","","",""
"171552","family","Prevotellaceae","Bacteroidales","16","40966","0.00039056778792169114","","",""
"","family","other Deltaproteobacteria class","other Deltaproteobacteria class","2","40966","0.00004882097349021139","","",""
"41297","family","Sphingomonadaceae","Sphingomonadales","7","40966","0.00017087340721573988","","",""
"255527","family","Saccharospirillaceae","Oceanospirillales","1","40966","0.000024410486745105696","","",""
"1843490","family","Sporomusaceae","Selenomonadales","18","40966","0.0004393887614119026","","",""
"53434","family","Halobacteroidaceae","Halanaerobiales","3","40966","0.00007323146023531709","","",""
"186807","family","Peptococcaceae","Clostridiales","31","40966","0.0007567250890982766","","",""
"204431","family","Fibrobacteraceae","Fibrobacterales","1","40966","0.000024410486745105696","","",""
"","family","other Bacteroidales order","Bacteroidales","6","40966","0.00014646292047063418","","",""
"84994","family","Acidimicrobiaceae","Acidimicrobiales","1","40966","0.000024410486745105696","","",""
"1570339","family","Peptoniphilaceae","Tissierellales","6","40966","0.00014646292047063418","","",""
"1524215","family","Anaeromyxobacteraceae","Myxococcales","9","40966","0.0002196943807059513","","",""
"","family","other Clostridia class","other Clostridia class","16","40966","0.00039056778792169114","","",""
"775","family","Rickettsiaceae","Rickettsiales","7","40966","0.00017087340721573988","","",""
"33958","family","Lactobacillaceae","Lactobacillales","15","40966","0.00036615730117658545","","",""
"","family","other Cytophagales order","Cytophagales","2","40966","0.00004882097349021139","","",""
"1077264","family","Chthonomonadaceae","Chthonomonadales","4","40966","0.00009764194698042278","","",""
"1491775","family","Proteinivoraceae","Clostridiales","6","40966","0.00014646292047063418","","",""
"1903414","family","Morganellaceae","Enterobacterales","5","40966","0.00012205243372552849","","",""
"1643824","family","Atopobiaceae","Coriobacteriales","7","40966","0.00017087340721573988","","",""
"206379","family","Nitrosomonadaceae","Nitrosomonadales","1","40966","0.000024410486745105696","","",""
"68298","family","Syntrophomonadaceae","Clostridiales","2","40966","0.00004882097349021139","","",""
"","family","other Lactobacillales order","Lactobacillales","8","40966","0.00019528389396084557","","",""
"75682","family","Oxalobacteraceae","Burkholderiales","28","40966","0.0006834936288629595","","",""
"32033","family","Xanthomonadaceae","Xanthomonadales","2","40966","0.00004882097349021139","","",""
"649777","family","Synergistaceae","Synergistales","1","40966","0.000024410486745105696","","",""
"1653","family","Corynebacteriaceae","Corynebacteriales","1","40966","0.000024410486745105696","","",""
"292628","family","Anaerolineaceae","Anaerolineales","1","40966","0.000024410486745105696","","",""
"","family","other Gammaproteobacteria class","other Gammaproteobacteria class","2","40966","0.00004882097349021139","","",""
"89373","family","Cytophagaceae","Cytophagales","3","40966","0.00007323146023531709","","",""
"119060","family","Burkholderiaceae","Burkholderiales","14","40966","0.00034174681443147975","","",""
"","family","other Burkholderiales order","Burkholderiales","2","40966","0.00004882097349021139","","",""
"81850","family","Leuconostocaceae","Lactobacillales","4","40966","0.00009764194698042278","","",""
"1185","family","Rivulariaceae","Nostocales","1","40966","0.000024410486745105696","","",""
"868","family","Cardiobacteriaceae","Cardiobacteriales","1","40966","0.000024410486745105696","","",""
"186818","family","Planococcaceae","Bacillales","17","40966","0.00041497827466679683","","",""
"558415","family","Marinilabiliaceae","Bacteroidales","1","40966","0.000024410486745105696","","",""
"1843491","family","Selenomonadaceae","Selenomonadales","2","40966","0.00004882097349021139","","",""
"85034","family","Glycomycetaceae","Glycomycetales","4","40966","0.00009764194698042278","","",""
"69657","family","Hyphomonadaceae","Rhodobacterales","3","40966","0.00007323146023531709","","",""
"200667","family","Flammeovirgaceae","Cytophagales","2","40966","0.00004882097349021139","","",""
"","family","other Xanthomonadales order","Xanthomonadales","1","40966","0.000024410486745105696","","",""
"","family","other Chromatiales order","Chromatiales","1","40966","0.000024410486745105696","","",""
"76892","family","Caulobacteraceae","Caulobacterales","1","40966","0.000024410486745105696","","",""
"213468","family","Syntrophaceae","Syntrophobacterales","1","40966","0.000024410486745105696","","",""
"1813606","family","Balneolaceae","Balneolales","2","40966","0.00004882097349021139","","",""
"1892255","family","Gomontiellaceae","Oscillatoriales","1","40966","0.000024410486745105696","","",""
"1903416","family","Budviciaceae","Enterobacterales","2","40966","0.00004882097349021139","","",""
"186827","family","Aerococcaceae","Lactobacillales","4","40966","0.00009764194698042278","","",""
"191412","family","Chlorobiaceae","Chlorobiales","2","40966","0.00004882097349021139","","",""
"","family","other Bacteroidetes phylum","other Bacteroidetes phylum","8","40966","0.00019528389396084557","","",""
"41295","family","Rhodospirillaceae","Rhodospirillales","2","40966","0.00004882097349021139","","",""
"1903410","family","Pectobacteriaceae","Enterobacterales","5","40966","0.00012205243372552849","","",""
"64898","family","Aquificaceae","Aquificales","1","40966","0.000024410486745105696","","",""
"468","family","Moraxellaceae","Pseudomonadales","3","40966","0.00007323146023531709","","",""
"","family","other Thermomicrobia class","other Thermomicrobia class","2","40966","0.00004882097349021139","","",""
"","family","other Myxococcales order","Myxococcales","1","40966","0.000024410486745105696","","",""
"1775411","family","Rhodanobacteraceae","Xanthomonadales","2","40966","0.00004882097349021139","","",""
"","family","other Proteobacteria phylum","other Proteobacteria phylum","6","40966","0.00014646292047063418","","",""
"543313","family","Clostridiales Family XII. Incertae Sedis","Clostridiales","4","40966","0.00009764194698042278","","",""
"1937962","family","Microscillaceae","Cytophagales","1","40966","0.000024410486745105696","","",""
"1573805","family","Marinifilaceae","Bacteroidales","1","40966","0.000024410486745105696","","",""
"","family","other Actinobacteria class","other Actinobacteria class","2","40966","0.00004882097349021139","","",""
"","family","other Alphaproteobacteria class","other Alphaproteobacteria class","3","40966","0.00007323146023531709","","",""
"75787","family","Rhodocyclaceae","Rhodocyclales","1","40966","0.000024410486745105696","","",""
"449719","family","Granulosicoccaceae","Chromatiales","1","40966","0.000024410486745105696","","",""
"186333","family","Anaeroplasmataceae","Anaeroplasmatales","1","40966","0.000024410486745105696","","",""
"81852","family","Enterococcaceae","Lactobacillales","1","40966","0.000024410486745105696","","",""
"213465","family","Syntrophobacteraceae","Syntrophobacterales","1","40966","0.000024410486745105696","","",""
"213119","family","Desulfobacteraceae","Desulfobacterales","1","40966","0.000024410486745105696","","",""
"909930","family","Acidaminococcaceae","Acidaminococcales","1","40966","0.000024410486745105696","","",""
"563835","family","Chitinophagaceae","Chitinophagales","1","40966","0.000024410486745105696","","",""
"574976","family","Holophagaceae","Holophagales","2","40966","0.00004882097349021139","","",""
"","family","other Bacilli class","other Bacilli class","1","40966","0.000024410486745105696","","",""
"712","family","Pasteurellaceae","Pasteurellales","1","40966","0.000024410486745105696","","",""
"1892252","family","Microcoleaceae","Oscillatoriales","1","40966","0.000024410486745105696","","",""
"","family","other Spartobacteria class","other Spartobacteria class","1","40966","0.000024410486745105696","","",""
"972","family","Halanaerobiaceae","Halanaerobiales","1","40966","0.000024410486745105696","","",""
"1892254","family","Oscillatoriaceae","Oscillatoriales","2","40966","0.00004882097349021139","","",""
"1676141","family","Wenzhouxiangellaceae","Chromatiales","1","40966","0.000024410486745105696","","",""
"34064","family","Francisellaceae","Thiotrichales","1","40966","0.000024410486745105696","","",""
"267889","family","Colwelliaceae","Alteromonadales","1","40966","0.000024410486745105696","","",""
"48461","order","Verrucomicrobiales","Verrucomicrobiae","8914","41392","0.21535562427522226","","",""
"186802","order","Clostridiales","Clostridia","23047","41392","0.5567984151526865","","",""
"171549","order","Bacteroidales","Bacteroidia","7126","41392","0.1721588712794743","","",""
"1843489","order","Veillonellales","Negativicutes","121","41392","0.002923270197139544","","",""
"795748","order","Ignavibacteriales","Ignavibacteria","3","41392","0.00007247777348279861","","",""
"213115","order","Desulfovibrionales","Deltaproteobacteria","319","41392","0.007706803247004252","","",""
"91347","order","Enterobacterales","Gammaproteobacteria","375","41392","0.009059721685349825","","",""
"1385","order","Bacillales","Bacilli","164","41392","0.003962118283726324","","",""
"80840","order","Burkholderiales","Betaproteobacteria","401","41392","0.009687862388867414","","",""
"186826","order","Lactobacillales","Bacilli","192","41392","0.004638577502899111","","",""
"135619","order","Oceanospirillales","Gammaproteobacteria","7","41392","0.00016911480479319676","","",""
"","order","other Firmicutes phylum","other Firmicutes phylum","63","41392","0.0015220332431387707","","",""
"768507","order","Cytophagales","Cytophagia","17","41392","0.0004107073830691921","","",""
"85004","order","Bifidobacteriales","Actinobacteria","81","41392","0.0019568998840355624","","",""
"526525","order","Erysipelotrichales","Erysipelotrichia","289","41392","0.006982025512176266","","",""
"186329","order","Acholeplasmatales","Mollicutes","36","41392","0.0008697332817935833","","",""
"","order","other Cyanobacteria phylum","other Cyanobacteria phylum","1","41392","0.000024159257827599535","","",""
"186328","order","Entomoplasmatales","Mollicutes","10","41392","0.00024159257827599537","","",""
"1643822","order","Eggerthellales","Coriobacteriia","60","41392","0.0014495554696559723","","",""
"135613","order","Chromatiales","Gammaproteobacteria","6","41392","0.00014495554696559721","","",""
"","order","other Betaproteobacteria class","Betaproteobacteria","3","41392","0.00007247777348279861","","",""
"","order","other Deltaproteobacteria class","Deltaproteobacteria","2","41392","0.00004831851565519907","","",""
"204457","order","Sphingomonadales","Alphaproteobacteria","7","41392","0.00016911480479319676","","",""
"909929","order","Selenomonadales","Negativicutes","20","41392","0.00048318515655199073","","",""
"53433","order","Halanaerobiales","Clostridia","4","41392","0.00009663703131039814","","",""
"218872","order","Fibrobacterales","Fibrobacteria","1","41392","0.000024159257827599535","","",""
"84993","order","Acidimicrobiales","Acidimicrobiia","1","41392","0.000024159257827599535","","",""
"1737405","order","Tissierellales","Tissierellia","6","41392","0.00014495554696559721","","",""
"29","order","Myxococcales","Deltaproteobacteria","10","41392","0.00024159257827599537","","",""
"","order","other Clostridia class","Clostridia","16","41392","0.00038654812524159255","","",""
"766","order","Rickettsiales","Alphaproteobacteria","7","41392","0.00016911480479319676","","",""
"1077263","order","Chthonomonadales","Chthonomonadetes","4","41392","0.00009663703131039814","","",""
"84999","order","Coriobacteriales","Coriobacteriia","7","41392","0.00016911480479319676","","",""
"32003","order","Nitrosomonadales","Betaproteobacteria","1","41392","0.000024159257827599535","","",""
"135614","order","Xanthomonadales","Gammaproteobacteria","5","41392","0.00012079628913799768","","",""
"649776","order","Synergistales","Synergistia","1","41392","0.000024159257827599535","","",""
"85007","order","Corynebacteriales","Actinobacteria","1","41392","0.000024159257827599535","","",""
"292629","order","Anaerolineales","Anaerolineae","1","41392","0.000024159257827599535","","",""
"","order","other Gammaproteobacteria class","Gammaproteobacteria","2","41392","0.00004831851565519907","","",""
"1150","order","Oscillatoriales","Cyanobacteria","6","41392","0.00014495554696559721","","",""
"1161","order","Nostocales","Cyanobacteria","1","41392","0.000024159257827599535","","",""
"135615","order","Cardiobacteriales","Gammaproteobacteria","1","41392","0.000024159257827599535","","",""
"85014","order","Glycomycetales","Actinobacteria","4","41392","0.00009663703131039814","","",""
"204455","order","Rhodobacterales","Alphaproteobacteria","3","41392","0.00007247777348279861","","",""
"204458","order","Caulobacterales","Alphaproteobacteria","1","41392","0.000024159257827599535","","",""
"213462","order","Syntrophobacterales","Deltaproteobacteria","2","41392","0.00004831851565519907","","",""
"1853223","order","Balneolales","Balneolia","2","41392","0.00004831851565519907","","",""
"191411","order","Chlorobiales","Chlorobia","2","41392","0.00004831851565519907","","",""
"","order","other Bacteroidetes phylum","other Bacteroidetes phylum","8","41392","0.00019327406262079628","","",""
"204441","order","Rhodospirillales","Alphaproteobacteria","2","41392","0.00004831851565519907","","",""
"32069","order","Aquificales","Aquificae","1","41392","0.000024159257827599535","","",""
"72274","order","Pseudomonadales","Gammaproteobacteria","3","41392","0.00007247777348279861","","",""
"","order","other Thermomicrobia class","Thermomicrobia","2","41392","0.00004831851565519907","","",""
"","order","other Proteobacteria phylum","other Proteobacteria phylum","6","41392","0.00014495554696559721","","",""
"","order","other Actinobacteria class","Actinobacteria","2","41392","0.00004831851565519907","","",""
"","order","other Alphaproteobacteria class","Alphaproteobacteria","3","41392","0.00007247777348279861","","",""
"206389","order","Rhodocyclales","Betaproteobacteria","1","41392","0.000024159257827599535","","",""
"186332","order","Anaeroplasmatales","Mollicutes","1","41392","0.000024159257827599535","","",""
"213118","order","Desulfobacterales","Deltaproteobacteria","1","41392","0.000024159257827599535","","",""
"1843488","order","Acidaminococcales","Negativicutes","1","41392","0.000024159257827599535","","",""
"1853229","order","Chitinophagales","Chitinophagia","1","41392","0.000024159257827599535","","",""
"574975","order","Holophagales","Holophagae","2","41392","0.00004831851565519907","","",""
"","order","other Bacilli class","Bacilli","1","41392","0.000024159257827599535","","",""
"135625","order","Pasteurellales","Gammaproteobacteria","1","41392","0.000024159257827599535","","",""
"","order","other Spartobacteria class","Spartobacteria","1","41392","0.000024159257827599535","","",""
"72273","order","Thiotrichales","Gammaproteobacteria","1","41392","0.000024159257827599535","","",""
"135622","order","Alteromonadales","Gammaproteobacteria","1","41392","0.000024159257827599535","","",""
"239934","genus","Akkermansia","Akkermansiaceae","8894","41328","0.21520518776616337","","",""
"1715793","genus","Casaltella","Clostridiales Family XIII. Incertae Sedis","1511","41328","0.036561169183120405","","",""
"1506553","genus","Lachnoclostridium","Lachnospiraceae","357","41328","0.008638211382113821","","",""
"239759","genus","Alistipes","Rikenellaceae","3065","41328","0.07416279519938057","","",""
"1433991","genus","Brassicibacter","Clostridiaceae","1050","41328","0.02540650406504065","","",""
"572511","genus","Blautia","Lachnospiraceae","5629","41328","0.136203058459156","","",""
"292632","genus","Subdoligranulum","Ruminococcaceae","91","41328","0.0022018970189701895","","",""
"816","genus","Bacteroides","Bacteroidaceae","3797","41328","0.09187475803329462","","",""
"1508657","genus","Ruminiclostridium","Ruminococcaceae","8050","41328","0.1947831978319783","","",""
"33042","genus","Coprococcus","Lachnospiraceae","341","41328","0.008251064653503677","","",""
"1506577","genus","Tyzzerella","Lachnospiraceae","681","41328","0.016477932636469222","","",""
"1730","genus","Eubacterium","Eubacteriaceae","904","41328","0.021873790166473093","","",""
"39948","genus","Dialister","Veillonellaceae","105","41328","0.002540650406504065","","",""
"574697","genus","Butyricimonas","Odoribacteraceae","117","41328","0.0028310104529616726","","",""
"1134403","genus","Melioribacter","Melioribacteraceae","3","41328","0.00007259001161440186","","",""
"459786","genus","Oscillibacter","Oscillospiraceae","768","41328","0.018583042973286876","","",""
"253238","genus","Ethanoligenens","Ruminococcaceae","99","41328","0.002395470383275261","","",""
"872","genus","Desulfovibrio","Desulfovibrionaceae","313","41328","0.007573557878435927","","",""
"","genus","other Enterobacterales order","other Enterobacterales order","303","41328","0.007331591173054587","","",""
"1769729","genus","Hathewaya","Clostridiaceae","2","41328","0.000048393341076267905","","",""
"94008","genus","Thermicanus","Bacillales Family X. Incertae Sedis","98","41328","0.0023712737127371273","","",""
"44748","genus","Sporobacter","Ruminococcaceae","380","41328","0.009194734804490902","","",""
"1649459","genus","Hungatella","Clostridiaceae","57","41328","0.0013792102206736353","","",""
"1485","genus","Clostridium","Clostridiaceae","187","41328","0.004524777390631049","","",""
"577310","genus","Parasutterella","Sutterellaceae","356","41328","0.008614014711575687","","",""
"","genus","other Veillonellaceae family","Veillonellaceae","9","41328","0.00021777003484320557","","",""
"1301","genus","Streptococcus","Streptococcaceae","143","41328","0.0034601238869531553","","",""
"1392389","genus","Intestinimonas","Clostridiales","253","41328","0.00612175764614789","","",""
"","genus","other Clostridiales order","other Clostridiales order","390","41328","0.009436701509872242","","",""
"375288","genus","Parabacteroides","Porphyromonadaceae","49","41328","0.0011856368563685636","","",""
"2745","genus","Halomonas","Halomonadaceae","6","41328","0.00014518002322880372","","",""
"207244","genus","Anaerostipes","Lachnospiraceae","115","41328","0.0027826171118854044","","",""
"216851","genus","Faecalibacterium","Ruminococcaceae","42","41328","0.0010162601626016261","","",""
"","genus","other Ruminococcaceae family","Ruminococcaceae","273","41328","0.0066056910569105695","","",""
"","genus","other Firmicutes phylum","other Firmicutes phylum","63","41328","0.001524390243902439","","",""
"1263","genus","Ruminococcus","Ruminococcaceae","448","41328","0.01084010840108401","","",""
"881894","genus","Fontibacter","Cyclobacteriaceae","8","41328","0.00019357336430507162","","",""
"189330","genus","Dorea","Lachnospiraceae","289","41328","0.006992837785520713","","",""
"1678","genus","Bifidobacterium","Bifidobacteriaceae","76","41328","0.0018389469608981804","","",""
"270497","genus","Catabacter","Catabacteriaceae","5","41328","0.00012098335269066976","","",""
"44258","genus","Caloramator","Clostridiaceae","4","41328","0.00009678668215253581","","",""
"1427378","genus","Acetatifactor","Lachnospiraceae","6","41328","0.00014518002322880372","","",""
"596767","genus","Hydrogenoanaerobacterium","Ruminococcaceae","73","41328","0.0017663569492837785","","",""
"44249","genus","Paenibacillus","Paenibacillaceae","41","41328","0.000992063492063492","","",""
"1505663","genus","Erysipelatoclostridium","Erysipelotrichaceae","71","41328","0.0017179636082075107","","",""
"1649284","genus","Ercella","Ruminococcaceae","5","41328","0.00012098335269066976","","",""
"1017280","genus","Pseudoflavonifractor","Clostridiales","39","41328","0.0009436701509872242","","",""
"","genus","other Erysipelotrichaceae family","Erysipelotrichaceae","119","41328","0.0028794037940379404","","",""
"53335","genus","Pantoea","Erwiniaceae","2","41328","0.000048393341076267905","","",""
"86331","genus","Mogibacterium","Clostridiales Family XIII. Incertae Sedis","36","41328","0.0008710801393728223","","",""
"588605","genus","Robinsoniella","Lachnospiraceae","53","41328","0.0012824235385210994","","",""
"2147","genus","Acholeplasma","Acholeplasmataceae","36","41328","0.0008710801393728223","","",""
"1006480","genus","Caldinitratiruptor","Symbiobacteriaceae","148","41328","0.0035811072396438252","","",""
"946234","genus","Flavonifractor","Clostridiales","123","41328","0.002976190476190476","","",""
"100175","genus","Papillibacter","Ruminococcaceae","5","41328","0.00012098335269066976","","",""
"836","genus","Porphyromonas","Porphyromonadaceae","1","41328","0.000024196670538133953","","",""
"186831","genus","Acetoanaerobium","Peptostreptococcaceae","15","41328","0.0003629500580720093","","",""
"670486","genus","Dehalogenimonas","Dehalococcoidia","4","41328","0.00009678668215253581","","",""
"1129704","genus","Kyrpidia","Alicyclobacillaceae","1","41328","0.000024196670538133953","","",""
"830","genus","Butyrivibrio","Lachnospiraceae","57","41328","0.0013792102206736353","","",""
"204475","genus","Gemmiger","Ruminococcaceae","95","41328","0.0022986837011227256","","",""
"","genus","other Lachnospiraceae family","Lachnospiraceae","37","41328","0.0008952768099109563","","",""
"","genus","other Bacillales order","other Bacillales order","5","41328","0.00012098335269066976","","",""
"283168","genus","Odoribacter","Odoribacteraceae","63","41328","0.001524390243902439","","",""
"","genus","other Cyanobacteria phylum","other Cyanobacteria phylum","1","41328","0.000024196670538133953","","",""
"1938003","genus","Thermoflexibacter","Cytophagales","1","41328","0.000024196670538133953","","",""
"2132","genus","Spiroplasma","Spiroplasmataceae","10","41328","0.00024196670538133953","","",""
"2735","genus","Verrucomicrobium","Verrucomicrobiaceae","7","41328","0.00016937669376693767","","",""
"1357","genus","Lactococcus","Streptococcaceae","16","41328","0.00038714672861014324","","",""
"","genus","other Eggerthellaceae family","Eggerthellaceae","20","41328","0.00048393341076267905","","",""
"","genus","other Clostridiales Family XIII. Incertae Sedis family","Clostridiales Family XIII. Incertae Sedis","4","41328","0.00009678668215253581","","",""
"1330547","genus","Kosakonia","Enterobacteriaceae","6","41328","0.00014518002322880372","","",""
"898","genus","Desulfomicrobium","Desulfomicrobiaceae","5","41328","0.00012098335269066976","","",""
"13724","genus","Thiocystis","Chromatiaceae","1","41328","0.000024196670538133953","","",""
"1434023","genus","Natranaerovirga","Clostridiales","5","41328","0.00012098335269066976","","",""
"613","genus","Serratia","Yersiniaceae","42","41328","0.0010162601626016261","","",""
"","genus","other Betaproteobacteria class","other Betaproteobacteria class","3","41328","0.00007259001161440186","","",""
"1501226","genus","Romboutsia","Peptostreptococcaceae","2","41328","0.000048393341076267905","","",""
"265975","genus","Oribacterium","Lachnospiraceae","12","41328","0.00029036004645760743","","",""
"84111","genus","Eggerthella","Eggerthellaceae","31","41328","0.0007500967866821526","","",""
"1302778","genus","Pseudoscardovia","Bifidobacteriaceae","5","41328","0.00012098335269066976","","",""
"","genus","other Verrucomicrobiales order","other Verrucomicrobiales order","10","41328","0.00024196670538133953","","",""
"838","genus","Prevotella","Prevotellaceae","15","41328","0.0003629500580720093","","",""
"","genus","other Deltaproteobacteria class","other Deltaproteobacteria class","2","41328","0.000048393341076267905","","",""
"13687","genus","Sphingomonas","Sphingomonadaceae","6","41328","0.00014518002322880372","","",""
"1649491","genus","Salinispirillum","Saccharospirillaceae","1","41328","0.000024196670538133953","","",""
"1407607","genus","Fusicatenibacter","Lachnospiraceae","127","41328","0.003072977158343012","","",""
"","genus","other Sporomusaceae family","Sporomusaceae","8","41328","0.00019357336430507162","","",""
"","genus","other Halobacteroidaceae family","Halobacteroidaceae","3","41328","0.00007259001161440186","","",""
"244127","genus","Anaerotruncus","Ruminococcaceae","20","41328","0.00048393341076267905","","",""
"2740","genus","Peptococcus","Peptococcaceae","7","41328","0.00016937669376693767","","",""
"1573535","genus","Holdemanella","Erysipelotrichaceae","1","41328","0.000024196670538133953","","",""
"698776","genus","Cellulosilyticum","Lachnospiraceae","20","41328","0.00048393341076267905","","",""
"365348","genus","Pelosinus","Sporomusaceae","9","41328","0.00021777003484320557","","",""
"1378","genus","Gemella","Bacillales","2","41328","0.000048393341076267905","","",""
"832","genus","Fibrobacter","Fibrobacteraceae","1","41328","0.000024196670538133953","","",""
"","genus","other Bacteroidales order","other Bacteroidales order","6","41328","0.00014518002322880372","","",""
"","genus","other Rikenellaceae family","Rikenellaceae","6","41328","0.00014518002322880372","","",""
"1042325","genus","Aciditerrimonas","Acidimicrobiaceae","1","41328","0.000024196670538133953","","",""
"551","genus","Erwinia","Erwiniaceae","1","41328","0.000024196670538133953","","",""
"28050","genus","Lachnospira","Lachnospiraceae","4","41328","0.00009678668215253581","","",""
"1640153","genus","Caldisalinibacter","Clostridiaceae","16","41328","0.00038714672861014324","","",""
"162289","genus","Peptoniphilus","Peptoniphilaceae","5","41328","0.00012098335269066976","","",""
"161492","genus","Anaeromyxobacter","Anaeromyxobacteraceae","9","41328","0.00021777003484320557","","",""
"31980","genus","Acetitomaculum","Lachnospiraceae","3","41328","0.00007259001161440186","","",""
"1481960","genus","Peptoclostridium","Peptostreptococcaceae","1","41328","0.000024196670538133953","","",""
"","genus","other Clostridia class","other Clostridia class","16","41328","0.00038714672861014324","","",""
"248744","genus","Marvinbryantia","Lachnospiraceae","21","41328","0.0005081300813008131","","",""
"397864","genus","Barnesiella","Porphyromonadaceae","1","41328","0.000024196670538133953","","",""
"44259","genus","Filifactor","Peptostreptococcaceae","2","41328","0.000048393341076267905","","",""
"258514","genus","Acetanaerobacterium","Ruminococcaceae","6","41328","0.00014518002322880372","","",""
"61170","genus","Holdemania","Erysipelotrichaceae","11","41328","0.0002661633759194735","","",""
"620","genus","Shigella","Enterobacteriaceae","6","41328","0.00014518002322880372","","",""
"69474","genus","Orientia","Rickettsiaceae","7","41328","0.00016937669376693767","","",""
"1578","genus","Lactobacillus","Lactobacillaceae","15","41328","0.0003629500580720093","","",""
"1472649","genus","Dielma","Erysipelotrichaceae","15","41328","0.0003629500580720093","","",""
"115543","genus","Parasporobacterium","Lachnospiraceae","2","41328","0.000048393341076267905","","",""
"","genus","other Peptococcaceae family","Peptococcaceae","3","41328","0.00007259001161440186","","",""
"","genus","other Cytophagales order","other Cytophagales order","2","41328","0.000048393341076267905","","",""
"644652","genus","Gordonibacter","Eggerthellaceae","2","41328","0.000048393341076267905","","",""
"1573536","genus","Faecalicoccus","Erysipelotrichaceae","21","41328","0.0005081300813008131","","",""
"1077265","genus","Chthonomonas","Chthonomonadaceae","4","41328","0.00009678668215253581","","",""
"42447","genus","Anaerobranca","Proteinivoraceae","5","41328","0.00012098335269066976","","",""
"1774128","genus","Murimonas","Lachnospiraceae","16","41328","0.00038714672861014324","","",""
"626","genus","Xenorhabdus","Morganellaceae","2","41328","0.000048393341076267905","","",""
"133925","genus","Olsenella","Atopobiaceae","7","41328","0.00016937669376693767","","",""
"914","genus","Nitrosomonas","Nitrosomonadaceae","1","41328","0.000024196670538133953","","",""
"937253","genus","Thermohydrogenium","Syntrophomonadaceae","1","41328","0.000024196670538133953","","",""
"","genus","other Lactobacillales order","other Lactobacillales order","8","41328","0.00019357336430507162","","",""
"1562","genus","Desulfotomaculum","Peptococcaceae","12","41328","0.00029036004645760743","","",""
"846","genus","Oxalobacter","Oxalobacteraceae","25","41328","0.0006049167634533489","","",""
"338","genus","Xanthomonas","Xanthomonadaceae","2","41328","0.000048393341076267905","","",""
"1347386","genus","Anaerosalibacter","Clostridiaceae","14","41328","0.00033875338753387534","","",""
"47054","genus","Dethiosulfovibrio","Synergistaceae","1","41328","0.000024196670538133953","","",""
"1491776","genus","Proteinivorax","Proteinivoraceae","1","41328","0.000024196670538133953","","",""
"1716","genus","Corynebacterium","Corynebacteriaceae","1","41328","0.000024196670538133953","","",""
"140625","genus","Lachnobacterium","Lachnospiraceae","5","41328","0.00012098335269066976","","",""
"","genus","other Eubacteriaceae family","Eubacteriaceae","3","41328","0.00007259001161440186","","",""
"1432051","genus","Eisenbergiella","Lachnospiraceae","7","41328","0.00016937669376693767","","",""
"510701","genus","Desulfurispora","Peptococcaceae","6","41328","0.00014518002322880372","","",""
"82559","genus","Thiolamprovum","Chromatiaceae","2","41328","0.000048393341076267905","","",""
"233189","genus","Anaerolinea","Anaerolineaceae","1","41328","0.000024196670538133953","","",""
"","genus","other Peptostreptococcaceae family","Peptostreptococcaceae","14","41328","0.00033875338753387534","","",""
"","genus","other Gammaproteobacteria class","other Gammaproteobacteria class","2","41328","0.000048393341076267905","","",""
"442431","genus","Persicitalea","Cytophagaceae","1","41328","0.000024196670538133953","","",""
"48736","genus","Ralstonia","Burkholderiaceae","14","41328","0.00033875338753387534","","",""
"","genus","other Clostridiaceae family","Clostridiaceae","5","41328","0.00012098335269066976","","",""
"165695","genus","Sphingobium","Sphingomonadaceae","1","41328","0.000024196670538133953","","",""
"","genus","other Burkholderiales order","other Burkholderiales order","2","41328","0.000048393341076267905","","",""
"","genus","other Leuconostocaceae family","Leuconostocaceae","1","41328","0.000024196670538133953","","",""
"46255","genus","Weissella","Leuconostocaceae","2","41328","0.000048393341076267905","","",""
"693993","genus","Pseudoscillatoria","Oscillatoriales","2","41328","0.000048393341076267905","","",""
"1186","genus","Calothrix","Rivulariaceae","1","41328","0.000024196670538133953","","",""
"2717","genus","Cardiobacterium","Cardiobacteriaceae","1","41328","0.000024196670538133953","","",""
"1569","genus","Sporosarcina","Planococcaceae","16","41328","0.00038714672861014324","","",""
"","genus","other Marinilabiliaceae family","Marinilabiliaceae","1","41328","0.000024196670538133953","","",""
"1164882","genus","Lachnoanaerobaculum","Lachnospiraceae","5","41328","0.00012098335269066976","","",""
"84162","genus","Cryptobacterium","Eggerthellaceae","5","41328","0.00012098335269066976","","",""
"158846","genus","Megamonas","Selenomonadaceae","2","41328","0.000048393341076267905","","",""
"577309","genus","Paraprevotella","Prevotellaceae","1","41328","0.000024196670538133953","","",""
"210622","genus","Anoxynatronum","Clostridiaceae","2","41328","0.000048393341076267905","","",""
"906","genus","Megasphaera","Veillonellaceae","1","41328","0.000024196670538133953","","",""
"43996","genus","Catonella","Lachnospiraceae","5","41328","0.00012098335269066976","","",""
"283810","genus","Stackebrandtia","Glycomycetaceae","4","41328","0.00009678668215253581","","",""
"","genus","other Hyphomonadaceae family","Hyphomonadaceae","3","41328","0.00007259001161440186","","",""
"177971","genus","Shuttleworthia","Lachnospiraceae","4","41328","0.00009678668215253581","","",""
"156993","genus","Reichenbachiella","Flammeovirgaceae","1","41328","0.000024196670538133953","","",""
"1243","genus","Leuconostoc","Leuconostocaceae","1","41328","0.000024196670538133953","","",""
"241189","genus","Hespellia","Lachnospiraceae","2","41328","0.000048393341076267905","","",""
"841","genus","Roseburia","Lachnospiraceae","6","41328","0.00014518002322880372","","",""
"561","genus","Escherichia","Enterobacteriaceae","1","41328","0.000024196670538133953","","",""
"1434026","genus","Oceanirhabdus","Clostridiaceae","1","41328","0.000024196670538133953","","",""
"100883","genus","Coprobacillus","Erysipelotrichaceae","1","41328","0.000024196670538133953","","",""
"","genus","other Xanthomonadales order","other Xanthomonadales order","1","41328","0.000024196670538133953","","",""
"156454","genus","Anaeroglobus","Veillonellaceae","6","41328","0.00014518002322880372","","",""
"","genus","other Chromatiales order","other Chromatiales order","1","41328","0.000024196670538133953","","",""
"181069","genus","Proteocatella","Peptostreptococcaceae","2","41328","0.000048393341076267905","","",""
"264995","genus","Anaerofustis","Eubacteriaceae","1","41328","0.000024196670538133953","","",""
"20","genus","Phenylobacterium","Caulobacteraceae","1","41328","0.000024196670538133953","","",""
"44261","genus","Oxobacter","Clostridiaceae","1","41328","0.000024196670538133953","","",""
"52784","genus","Anaerofilum","Ruminococcaceae","1","41328","0.000024196670538133953","","",""
"166484","genus","Caminicella","Clostridiaceae","1","41328","0.000024196670538133953","","",""
"2357","genus","Desulfomonile","Syntrophaceae","1","41328","0.000024196670538133953","","",""
"437755","genus","Moryella","Lachnospiraceae","1","41328","0.000024196670538133953","","",""
"1548510","genus","Microbacter","Porphyromonadaceae","1","41328","0.000024196670538133953","","",""
"580024","genus","Enterorhabdus","Eggerthellaceae","1","41328","0.000024196670538133953","","",""
"649462","genus","Gracilimonas","Balneolaceae","2","41328","0.000048393341076267905","","",""
"241429","genus","Starria","Gomontiellaceae","1","41328","0.000024196670538133953","","",""
"82984","genus","Pragia","Budviciaceae","2","41328","0.000048393341076267905","","",""
"66831","genus","Facklamia","Aerococcaceae","3","41328","0.00007259001161440186","","",""
"","genus","other Chlorobiaceae family","Chlorobiaceae","2","41328","0.000048393341076267905","","",""
"","genus","other Bacteroidetes phylum","other Bacteroidetes phylum","8","41328","0.00019357336430507162","","",""
"1543704","genus","Niveispirillum","Rhodospirillaceae","1","41328","0.000024196670538133953","","",""
"71655","genus","Brenneria","Pectobacteriaceae","5","41328","0.00012098335269066976","","",""
"","genus","other Aquificaceae family","Aquificaceae","1","41328","0.000024196670538133953","","",""
"303379","genus","Herminiimonas","Oxalobacteraceae","1","41328","0.000024196670538133953","","",""
"651660","genus","Paenisporosarcina","Planococcaceae","1","41328","0.000024196670538133953","","",""
"475","genus","Moraxella","Moraxellaceae","3","41328","0.00007259001161440186","","",""
"","genus","other Thermomicrobia class","other Thermomicrobia class","2","41328","0.000048393341076267905","","",""
"","genus","other Myxococcales order","other Myxococcales order","1","41328","0.000024196670538133953","","",""
"75309","genus","Rhodanobacter","Rhodanobacteraceae","2","41328","0.000048393341076267905","","",""
"1637744","genus","Aminicella","Eubacteriaceae","1","41328","0.000024196670538133953","","",""
"56112","genus","Dehalobacter","Peptococcaceae","2","41328","0.000048393341076267905","","",""
"","genus","other Proteobacteria phylum","other Proteobacteria phylum","6","41328","0.00014518002322880372","","",""
"228923","genus","Guggenheimella","Clostridiales Family XII. Incertae Sedis","3","41328","0.00007259001161440186","","",""
"84108","genus","Slackia","Eggerthellaceae","1","41328","0.000024196670538133953","","",""
"123375","genus","Solobacterium","Erysipelotrichaceae","2","41328","0.000048393341076267905","","",""
"1937963","genus","Eisenibacter","Microscillaceae","1","41328","0.000024196670538133953","","",""
"420345","genus","Lactonifactor","Clostridiaceae","3","41328","0.00007259001161440186","","",""
"191373","genus","Pelotomaculum","Peptococcaceae","1","41328","0.000024196670538133953","","",""
"1400135","genus","Sporosalibacterium","Clostridiaceae","6","41328","0.00014518002322880372","","",""
"866673","genus","Marinifilum","Marinifilaceae","1","41328","0.000024196670538133953","","",""
"","genus","other Actinobacteria class","other Actinobacteria class","2","41328","0.000048393341076267905","","",""
"","genus","other Alphaproteobacteria class","other Alphaproteobacteria class","3","41328","0.00007259001161440186","","",""
"83766","genus","Propionivibrio","Rhodocyclaceae","1","41328","0.000024196670538133953","","",""
"437504","genus","Granulosicoccus","Granulosicoccaceae","1","41328","0.000024196670538133953","","",""
"2086","genus","Anaeroplasma","Anaeroplasmataceae","1","41328","0.000024196670538133953","","",""
"1375","genus","Aerococcus","Aerococcaceae","1","41328","0.000024196670538133953","","",""
"1350","genus","Enterococcus","Enterococcaceae","1","41328","0.000024196670538133953","","",""
"361106","genus","Desulfoglaeba","Syntrophobacteraceae","1","41328","0.000024196670538133953","","",""
"1913599","genus","Peptoanaerobacter","Peptostreptococcaceae","1","41328","0.000024196670538133953","","",""
"1213720","genus","Stomatobaculum","Lachnospiraceae","1","41328","0.000024196670538133953","","",""
"191","genus","Azospirillum","Rhodospirillaceae","1","41328","0.000024196670538133953","","",""
"862","genus","Syntrophomonas","Syntrophomonadaceae","1","41328","0.000024196670538133953","","",""
"153027","genus","Desulforegula","Desulfobacteraceae","1","41328","0.000024196670538133953","","",""
"33024","genus","Phascolarctobacterium","Acidaminococcaceae","1","41328","0.000024196670538133953","","",""
"1356488","genus","Rosenbergiella","Enterobacteriaceae","2","41328","0.000048393341076267905","","",""
"","genus","other Streptococcaceae family","Streptococcaceae","1","41328","0.000024196670538133953","","",""
"379899","genus","Niabella","Chitinophagaceae","1","41328","0.000024196670538133953","","",""
"667112","genus","Lutispora","Clostridiaceae","1","41328","0.000024196670538133953","","",""
"44675","genus","Geothrix","Holophagaceae","2","41328","0.000048393341076267905","","",""
"543311","genus","Parvimonas","Peptoniphilaceae","1","41328","0.000024196670538133953","","",""
"1647","genus","Erysipelothrix","Erysipelotrichaceae","1","41328","0.000024196670538133953","","",""
"","genus","other Bacilli class","other Bacilli class","1","41328","0.000024196670538133953","","",""
"518753","genus","Luteolibacter","Verrucomicrobiaceae","1","41328","0.000024196670538133953","","",""
"1434004","genus","Fonticella","Clostridiaceae","1","41328","0.000024196670538133953","","",""
"","genus","other Pasteurellaceae family","Pasteurellaceae","1","41328","0.000024196670538133953","","",""
"586","genus","Providencia","Morganellaceae","1","41328","0.000024196670538133953","","",""
"","genus","other Oxalobacteraceae family","Oxalobacteraceae","2","41328","0.000048393341076267905","","",""
"54312","genus","Tychonema","Microcoleaceae","1","41328","0.000024196670538133953","","",""
"1348508","genus","Roseimicrobium","Verrucomicrobiaceae","1","41328","0.000024196670538133953","","",""
"2373","genus","Acetonema","Sporomusaceae","1","41328","0.000024196670538133953","","",""
"40544","genus","Sutterella","Sutterellaceae","1","41328","0.000024196670538133953","","",""
"","genus","other Spartobacteria class","other Spartobacteria class","1","41328","0.000024196670538133953","","",""
"32636","genus","Halothermothrix","Halanaerobiaceae","1","41328","0.000024196670538133953","","",""
"581","genus","Morganella","Morganellaceae","1","41328","0.000024196670538133953","","",""
"191303","genus","Turicibacter","Erysipelotrichaceae","1","41328","0.000024196670538133953","","",""
"","genus","other Oscillatoriaceae family","Oscillatoriaceae","2","41328","0.000048393341076267905","","",""
"43994","genus","Johnsonella","Lachnospiraceae","1","41328","0.000024196670538133953","","",""
"909656","genus","Phocaeicola","Bacteroidales","1","41328","0.000024196670538133953","","",""
"","genus","other Porphyromonadaceae family","Porphyromonadaceae","1","41328","0.000024196670538133953","","",""
"","genus","other Cytophagaceae family","Cytophagaceae","1","41328","0.000024196670538133953","","",""
"114627","genus","Alkaliphilus","Clostridiaceae","2","41328","0.000048393341076267905","","",""
"1200657","genus","Saccharofermentans","Ruminococcaceae","2","41328","0.000048393341076267905","","",""
"1676142","genus","Wenzhouxiangella","Wenzhouxiangellaceae","1","41328","0.000024196670538133953","","",""
"","genus","other Flammeovirgaceae family","Flammeovirgaceae","1","41328","0.000024196670538133953","","",""
"","genus","other Desulfovibrionaceae family","Desulfovibrionaceae","1","41328","0.000024196670538133953","","",""
"214904","genus","Tepidibacter","Peptostreptococcaceae","1","41328","0.000024196670538133953","","",""
"217140","genus","Arcicella","Cytophagaceae","1","41328","0.000024196670538133953","","",""
"262","genus","Francisella","Francisellaceae","1","41328","0.000024196670538133953","","",""
"76008","genus","Fusibacter","Clostridiales Family XII. Incertae Sedis","1","41328","0.000024196670538133953","","",""
"","genus","other Morganellaceae family","Morganellaceae","1","41328","0.000024196670538133953","","",""
"1573534","genus","Faecalitalea","Erysipelotrichaceae","3","41328","0.00007259001161440186","","",""
"28228","genus","Colwellia","Colwelliaceae","1","41328","0.000024196670538133953","","",""
"518754","genus","Persicirhabdus","Verrucomicrobiaceae","1","41328","0.000024196670538133953","","",""
"2","kingdom","Bacteria","","41439","41439","1","","",""
"74201","phylum","Verrucomicrobia","Bacteria","8915","41396","0.2153589718813412","probiotics,commensal","No health benefits found.","No diseases are associated with this bacteria."
"1239","phylum","Firmicutes","Bacteria","23924","41396","0.5779302348052952","commensal,pathogens","Firmicutes has been found to correlate with lower body mass index.","Diabetes, obesity"
"200643","phylum","Bacteroidetes","Bacteria","7152","41396","0.17277031597255774","commensal,opportunistic pathogens","Bacteroidetes phylum, particularly Bacteroides spp., was suggested to be mainly responsible for protection against increased adiposity.","Type II diabetes, Perirectal abscesses, decubitus ulcers, intra-abdominal infections, all body sites abscesses."
"1134404","phylum","Ignavibacteriae","Bacteria","3","41396","0.00007247077012271717","commensal","No health benefits found.","No diseases are associated with this bacteria."
"1224","phylum","Proteobacteria","Bacteria","1171","41396","0.028287757271233935","commensal,opportunistic pathogens","No clear health benefits found but it has been suggested that Some species of Proteobacteria may help in healthy gut.","Metabolic syndrome, inflammatory bowel disease, colitis."
"201174","phylum","Actinobacteria","Bacteria","156","41396","0.0037684800463812927","pathogens,soil inhabitants,plant commensals,human gut commensals,probiotics","Actinobacteria, especially Streptomyces spp., are recognized as the producers of many bioactive metabolites that are useful to humans in medicine, such as antibacterials, antifungals, antivirals, antithrombotics, immunomodifiers, antitumor drugs, and enzyme inhibitors.,In agriculture, they produce insecticides, herbicides, fungicides, and growth-promoting substances for plants and animals.","Actinomycosis"
"544448","phylum","Tenericutes","Bacteria","47","41396","0.0011353753985892357","pathogenic,commensal","No health benefits found.","Atypical pneumonia, tracheobronchitis, pharyngitis, asthma, pelvic inflammatory diseases, cardititis, pericarditis, hemolytic anemia, pharyngitis, meningitis, encephalitis."
"200795","phylum","Chloroflexi","Bacteria","7","41396","0.0001690984636196734","commensal","No health benefits found.","No diseases are associated with this bacteria."
"1117","phylum","Cyanobacteria","Bacteria","8","41396","0.00019325538699391245","commensal,pathogenic","Some microalgae contain substances of high biological value. Edible blue-green algae reduce the production of pro-inflammatory cytokines. Sulfate polysaccharides exhibit immunomodulatory, antitumor, antithrombotic, anticoagulant, anti-mutagenic, anti-inflammatory, antimicrobial, and antiviral activity against HIV, herpes, and hepatitis.","Amyotrophic lateral sclerosis"
"204430","phylum","Fibrobacteres","Bacteria","1","41396","0.000024156923374239057","","",""
"67819","phylum","Armatimonadetes","Bacteria","4","41396","0.00009662769349695623","commensal","Data not available","There are no studies available relating Armatimonadetes clones with pathogenicity in plants or animals."
"508458","phylum","Synergistetes","Bacteria","1","41396","0.000024156923374239057","commensal,opportunistic pathogens","No health benefits found.","Breast abscess, Pelvic and sacral abscess, Sebaceous cyst, Dental caries."
"1936987","phylum","Balneolaeota","Bacteria","2","41396","0.00004831384674847811","commensal,opportunistic pathogens","No health benefits found.","Some species are known to cause infectious diseases."
"1090","phylum","Chlorobi","Bacteria","2","41396","0.00004831384674847811","commensal","No health benefits found.","No diseases are associated with this bacteria."
"200783","phylum","Aquificae","Bacteria","1","41396","0.000024156923374239057","","",""
"204432","phylum","Acidobacteria","Bacteria","2","41396","0.00004831384674847811","commensal","No health benefits found.","No diseases are associated with this bacteria."
"239935","species","Akkermansia muciniphila","Akkermansia","8894","41396","0.21485167649048217","","",""
"938278","species","Casaltella massiliensis","Casaltella","1511","41396","0.03650111121847521","","",""
"342942","species","[Clostridium] glycyrrhizinilyticum","Lachnoclostridium","96","41396","0.0023190646439269495","","",""
"328813","species","Alistipes onderdonkii","Alistipes","2454","41396","0.059281089960382644","","",""
"745119","species","Brassicibacter mesophilus","Brassicibacter","1050","41396","0.02536476954295101","","",""
"418240","species","Blautia wexlerae","Blautia","3332","41396","0.08049086868296454","","",""
"214851","species","Subdoligranulum variabile","Subdoligranulum","91","41396","0.0021982800270557543","","",""
"821","species","Bacteroides vulgatus","Bacteroides","867","41396","0.020944052565465263","","",""
"","species","Alistipes species","Alistipes","72","41396","0.001739298482945212","","",""
"89014","species","Blautia luti","Blautia","907","41396","0.021910329500434825","","",""
"39492","species","[Eubacterium] siraeum","Ruminiclostridium","482","41396","0.011643637066383225","","",""
"116085","species","Coprococcus catus","Coprococcus","146","41396","0.003526910812638902","","",""
"","species","Bacteroides species","Bacteroides","197","41396","0.004758913904725094","","",""
"160404","species","[Clostridium] lactatifermentans","Tyzzerella","669","41396","0.01616098173736593","","",""
"290054","species","Eubacterium coprostanoligenes","Eubacterium","332","41396","0.008020098560247367","","",""
"820","species","Bacteroides uniformis","Bacteroides","886","41396","0.021403034109575805","","",""
"89153","species","[Clostridium] hylemonae","Lachnoclostridium","19","41396","0.00045898154411054207","","",""
"29343","species","[Clostridium] cellulosi","Ruminiclostridium","5288","41396","0.12774181080297614","","",""
"218538","species","Dialister invisus","Dialister","96","41396","0.0023190646439269495","","",""
"46506","species","Bacteroides stercoris","Bacteroides","1225","41396","0.029592231133442844","","",""
"544645","species","Butyricimonas virosa","Butyricimonas","82","41396","0.001980867716687603","","",""
"1134405","species","Melioribacter roseus","Melioribacter","3","41396","0.00007247077012271717","","",""
"1263547","species","Oscillibacter ruminantium","Oscillibacter","148","41396","0.0035752246593873803","","",""
"376804","species","Bacteroides barnesiae","Bacteroides","3","41396","0.00007247077012271717","","",""
"","species","Blautia species","Blautia","157","41396","0.003792636969755532","","",""
"410072","species","Coprococcus comes","Coprococcus","195","41396","0.004710600057976616","","",""
"39491","species","[Eubacterium] rectale","Lachnospiraceae","20","41396","0.0004831384674847811","","",""
"253239","species","Ethanoligenens harbinense","Ethanoligenens","99","41396","0.0023915354140496667","","",""
"201571","species","Desulfovibrio vietnamensis","Desulfovibrio","248","41396","0.005990916996811286","","",""
"","species","Ruminiclostridium species","Ruminiclostridium","383","41396","0.009252101652333559","","",""
"47678","species","Bacteroides caccae","Bacteroides","363","41396","0.008768963184848778","","",""
"","species","other Enterobacterales order","other Enterobacterales order","303","41396","0.007319547782394434","","",""
"328814","species","Alistipes shahii","Alistipes","209","41396","0.005048796985215963","","",""
"1549","species","[Clostridium] sporosphaeroides","Ruminiclostridium","1034","41396","0.024978258768963185","","",""
"871665","species","Blautia faecis","Blautia","304","41396","0.007343704705768673","","",""
"29365","species","Hathewaya proteolytica","Hathewaya","2","41396","0.00004831384674847811","","",""
"94009","species","Thermicanus aegyptius","Thermicanus","98","41396","0.0023673784906754276","","",""
"44749","species","Sporobacter termitidis","Sporobacter","380","41396","0.009179630882210842","","",""
"47246","species","[Clostridium] viride","Ruminiclostridium","613","41396","0.014808194028408541","","",""
"1096246","species","Hungatella effluvii","Hungatella","49","41396","0.0011836892453377138","","",""
"29356","species","Clostridium chartatabidum","Clostridium","37","41396","0.0008938061648468451","","",""
"487175","species","Parasutterella excrementihominis","Parasutterella","355","41396","0.008575707797854866","","",""
"291645","species","Bacteroides nordii","Bacteroides","174","41396","0.004203304667117596","","",""
"536633","species","Blautia glucerasea","Blautia","252","41396","0.006087544690308242","","",""
"","species","other Veillonellaceae family","other Veillonellaceae family","9","41396","0.0002174123103681515","","",""
"","species","Streptococcus species","Streptococcus","139","41396","0.003357812349019229","","",""
"1297617","species","Intestinimonas butyriciproducens","Intestinimonas","253","41396","0.006111701613682481","","",""
"","species","Oscillibacter species","Oscillibacter","620","41396","0.014977292492028215","","",""
"29347","species","[Clostridium] scindens","Lachnoclostridium","57","41396","0.0013769446323316263","","",""
"","species","other Clostridiales order","other Clostridiales order","390","41396","0.009421200115953232","","",""
"574930","species","Parabacteroides gordonii","Parabacteroides","44","41396","0.0010629046284665186","","",""
"33039","species","[Ruminococcus] torques","Blautia","220","41396","0.005314523142332593","","",""
"657012","species","Halomonas cibimaris","Halomonas","6","41396","0.00014494154024543435","","",""
"1535","species","[Clostridium] leptum","Ruminiclostridium","232","41396","0.005604406222823461","","",""
"649756","species","Anaerostipes hadrus","Anaerostipes","57","41396","0.0013769446323316263","","",""
"853","species","Faecalibacterium prausnitzii","Faecalibacterium","42","41396","0.0010145907817180405","","",""
"","species","other Ruminococcaceae family","other Ruminococcaceae family","273","41396","0.006594840081167262","","",""
"","species","other Firmicutes phylum","other Firmicutes phylum","63","41396","0.0015218861725770606","","",""
"214856","species","Alistipes finegoldii","Alistipes","44","41396","0.0010629046284665186","","",""
"1264","species","Ruminococcus albus","Ruminococcus","149","41396","0.0035993815827616194","","",""
"39488","species","[Eubacterium] hallii","Eubacterium","407","41396","0.009831867813315296","","",""
"","species","Fontibacter species","Fontibacter","8","41396","0.00019325538699391245","","",""
"1322","species","Blautia hansenii","Blautia","64","41396","0.0015460430959512996","","",""
"39486","species","Dorea formicigenerans","Dorea","235","41396","0.005676876992946178","","",""
"105841","species","Anaerostipes caccae","Anaerostipes","5","41396","0.00012078461687119528","","",""
"","species","Clostridium species","Clostridium","130","41396","0.0031404000386510774","","",""
"29364","species","[Clostridium] polysaccharolyticum","Lachnoclostridium","17","41396","0.00041066769736206396","","",""
"","species","Bifidobacterium species","Bifidobacterium","75","41396","0.0018117692530679292","","",""
"28117","species","Alistipes putredinis","Alistipes","55","41396","0.0013286307855831481","","",""
"270498","species","Catabacter hongkongensis","Catabacter","5","41396","0.00012078461687119528","","",""
"","species","Caloramator species","Caloramator","4","41396","0.00009662769349695623","","",""
"879566","species","Acetatifactor muris","Acetatifactor","6","41396","0.00014494154024543435","","",""
"474960","species","Hydrogenoanaerobacterium saccharovorans","Hydrogenoanaerobacterium","73","41396","0.001763455406319451","","",""
"1265","species","Ruminococcus flavefaciens","Ruminococcus","138","41396","0.0033336554256449898","","",""
"","species","Paenibacillus species","Paenibacillus","41","41396","0.0009904338583438014","","",""
"29348","species","[Clostridium] spiroforme","Erysipelatoclostridium","27","41396","0.0006522369311044545","","",""
"40518","species","Ruminococcus bromii","Ruminococcus","55","41396","0.0013286307855831481","","",""
"1337094","species","Ercella succinigenes","Ercella","5","41396","0.00012078461687119528","","",""
"106588","species","Pseudoflavonifractor capillosus","Pseudoflavonifractor","39","41396","0.0009421200115953232","","",""
"","species","Lachnoclostridium species","Lachnoclostridium","83","41396","0.002005024640061842","","",""
"","species","other Erysipelotrichaceae family","other Erysipelotrichaceae family","119","41396","0.0028746738815344478","","",""
"55209","species","Pantoea cypripedii","Pantoea","1","41396","0.000024156923374239057","","",""
"","species","Mogibacterium species","Mogibacterium","21","41396","0.0005072953908590202","","",""
"39485","species","[Eubacterium] eligens","Eubacterium","64","41396","0.0015460430959512996","","",""
"626932","species","Alistipes indistinctus","Alistipes","141","41396","0.003406126195767707","","",""
"1161942","species","Ruminococcus champanellensis","Ruminococcus","24","41396","0.0005797661609817374","","",""
"180332","species","Robinsoniella peoriensis","Robinsoniella","53","41396","0.00128031693883467","","",""
"40520","species","Blautia obeum","Blautia","256","41396","0.0061841723838051985","","",""
"264634","species","Acholeplasma equifetale","Acholeplasma","30","41396","0.0007247077012271717","","",""
"86333","species","Mogibacterium vescum","Mogibacterium","12","41396","0.0002898830804908687","","",""
"671077","species","Caldinitratiruptor microaerophilus","Caldinitratiruptor","148","41396","0.0035752246593873803","","",""
"53443","species","Blautia hydrogenotrophica","Blautia","124","41396","0.002995458498405643","","",""
"","species","Parabacteroides species","Parabacteroides","2","41396","0.00004831384674847811","","",""
"645466","species","Anaerostipes butyraticus","Anaerostipes","50","41396","0.0012078461687119529","","",""
"292800","species","Flavonifractor plautii","Flavonifractor","123","41396","0.002971301575031404","","",""
"180164","species","Blautia schinkii","Blautia","4","41396","0.00009662769349695623","","",""
"100176","species","Papillibacter cinnamivorans","Papillibacter","5","41396","0.00012078461687119528","","",""
"28114","species","Porphyromonas levii","Porphyromonas","1","41396","0.000024156923374239057","","",""
"88431","species","Dorea longicatena","Dorea","54","41396","0.001304473862208909","","",""
"","species","Acetoanaerobium species","Acetoanaerobium","15","41396","0.00036235385061358585","","",""
"","species","Dehalogenimonas species","Dehalogenimonas","4","41396","0.00009662769349695623","","",""
"33943","species","Kyrpidia tusciae","Kyrpidia","1","41396","0.000024156923374239057","","",""
"36835","species","[Clostridium] colinum","Tyzzerella","7","41396","0.0001690984636196734","","",""
"45851","species","Butyrivibrio crossotus","Butyrivibrio","8","41396","0.00019325538699391245","","",""
"745368","species","Gemmiger formicilis","Gemmiger","95","41396","0.0022949077205527105","","",""
"","species","Desulfovibrio species","Desulfovibrio","14","41396","0.0003381969272393468","","",""
"1547","species","Erysipelatoclostridium ramosum","Erysipelatoclostridium","5","41396","0.00012078461687119528","","",""
"1472040","species","Clostridium algifaecis","Clostridium","1","41396","0.000024156923374239057","","",""
"39494","species","[Eubacterium] tortuosum","Erysipelotrichaceae","39","41396","0.0009421200115953232","","",""
"","species","other Lachnospiraceae family","other Lachnospiraceae family","37","41396","0.0008938061648468451","","",""
"","species","other Bacillales order","other Bacillales order","5","41396","0.00012078461687119528","","",""
"28118","species","Odoribacter splanchnicus","Odoribacter","63","41396","0.0015218861725770606","","",""
"42322","species","Eubacterium ruminantium","Eubacterium","5","41396","0.00012078461687119528","","",""
"358742","species","[Clostridium] aldenense","Lachnoclostridium","9","41396","0.0002174123103681515","","",""
"","species","other Cyanobacteria phylum","other Cyanobacteria phylum","1","41396","0.000024156923374239057","","",""
"1003","species","Thermoflexibacter ruber","Thermoflexibacter","1","41396","0.000024156923374239057","","",""
"","species","Spiroplasma species","Spiroplasma","10","41396","0.00024156923374239056","","",""
"876","species","Desulfovibrio desulfuricans","Desulfovibrio","47","41396","0.0011353753985892357","","",""
"2736","species","Verrucomicrobium spinosum","Verrucomicrobium","7","41396","0.0001690984636196734","","",""
"","species","Lactococcus species","Lactococcus","16","41396","0.0003865107739878249","","",""
"1118061","species","Alistipes obesi","Alistipes","90","41396","0.0021741231036815152","","",""
"","species","other Eggerthellaceae family","other Eggerthellaceae family","20","41396","0.0004831384674847811","","",""
"817","species","Bacteroides fragilis","Bacteroides","2","41396","0.00004831384674847811","","",""
"","species","other Clostridiales Family XIII. Incertae Sedis family","other Clostridiales Family XIII. Incertae Sedis family","4","41396","0.00009662769349695623","","",""
"310298","species","Bacteroides coprocola","Bacteroides","1","41396","0.000024156923374239057","","",""
"","species","Kosakonia species","Kosakonia","6","41396","0.00014494154024543435","","",""
"1522","species","[Clostridium] innocuum","Erysipelatoclostridium","33","41396","0.0007971784713498889","","",""
"","species","Desulfomicrobium species","Desulfomicrobium","5","41396","0.00012078461687119528","","",""
"73141","species","Thiocystis violascens","Thiocystis","1","41396","0.000024156923374239057","","",""
"680378","species","Natranaerovirga hydrolytica","Natranaerovirga","3","41396","0.00007247077012271717","","",""
"","species","Serratia species","Serratia","42","41396","0.0010145907817180405","","",""
"","species","other Betaproteobacteria class","other Betaproteobacteria class","3","41396","0.00007247077012271717","","",""
"1368474","species","Romboutsia sedimentorum","Romboutsia","2","41396","0.00004831384674847811","","",""
"237576","species","Oribacterium sinus","Oribacterium","3","41396","0.00007247077012271717","","",""
"831","species","Butyrivibrio fibrisolvens","Butyrivibrio","44","41396","0.0010629046284665186","","",""
"84112","species","Eggerthella lenta","Eggerthella","31","41396","0.0007488646246014108","","",""
"","species","Pseudoscardovia species","Pseudoscardovia","5","41396","0.00012078461687119528","","",""
"387090","species","Bacteroides coprophilus","Bacteroides","2","41396","0.00004831384674847811","","",""
"40519","species","Ruminococcus callidus","Ruminococcus","10","41396","0.00024156923374239056","","",""
"1512","species","[Clostridium] symbiosum","Lachnoclostridium","48","41396","0.0011595323219634748","","",""
"","species","Tyzzerella species","Tyzzerella","5","41396","0.00012078461687119528","","",""
"371601","species","Bacteroides xylanisolvens","Bacteroides","25","41396","0.0006039230843559764","","",""
"","species","Ruminococcus species","Ruminococcus","26","41396","0.0006280800077302155","","",""
"","species","other Verrucomicrobiales order","other Verrucomicrobiales order","10","41396","0.00024156923374239056","","",""
"165179","species","Prevotella copri","Prevotella","8","41396","0.00019325538699391245","","",""
"","species","other Deltaproteobacteria class","other Deltaproteobacteria class","2","41396","0.00004831384674847811","","",""
"","species","Sphingomonas species","Sphingomonas","6","41396","0.00014494154024543435","","",""
"592978","species","Ruminococcus faecis","Ruminococcus","44","41396","0.0010629046284665186","","",""
"1485203","species","Salinispirillum marinum","Salinispirillum","1","41396","0.000024156923374239057","","",""
"1150298","species","Fusicatenibacter saccharivorans","Fusicatenibacter","127","41396","0.00306792926852836","","",""
"","species","other Sporomusaceae family","other Sporomusaceae family","8","41396","0.00019325538699391245","","",""
"28116","species","Bacteroides ovatus","Bacteroides","17","41396","0.00041066769736206396","","",""
"","species","other Halobacteroidaceae family","other Halobacteroidaceae family","3","41396","0.00007247077012271717","","",""
"","species","Oribacterium species","Oribacterium","9","41396","0.0002174123103681515","","",""
"169435","species","Anaerotruncus colihominis","Anaerotruncus","20","41396","0.0004831384674847811","","",""
"155865","species","Eubacterium pyruvativorans","Eubacterium","60","41396","0.0014494154024543434","","",""
"2741","species","Peptococcus niger","Peptococcus","7","41396","0.0001690984636196734","","",""
"1735","species","Holdemanella biformis","Holdemanella","1","41396","0.000024156923374239057","","",""
"","species","Cellulosilyticum species","Cellulosilyticum","9","41396","0.0002174123103681515","","",""
"365349","species","Pelosinus fermentans","Pelosinus","9","41396","0.0002174123103681515","","",""
"","species","Gemella species","Gemella","1","41396","0.000024156923374239057","","",""
"33038","species","[Ruminococcus] gnavus","Blautia","4","41396","0.00009662769349695623","","",""
"39484","species","Eubacterium desmolans","Eubacterium","17","41396","0.00041066769736206396","","",""
"691816","species","Bacteroides rodentium","Bacteroides","7","41396","0.0001690984636196734","","",""
"833","species","Fibrobacter succinogenes","Fibrobacter","1","41396","0.000024156923374239057","","",""
"","species","other Bacteroidales order","other Bacteroidales order","6","41396","0.00014494154024543435","","",""
"","species","other Rikenellaceae family","other Rikenellaceae family","6","41396","0.00014494154024543435","","",""
"667306","species","Aciditerrimonas ferrireducens","Aciditerrimonas","1","41396","0.000024156923374239057","","",""
"","species","Erwinia species","Erwinia","1","41396","0.000024156923374239057","","",""
"28052","species","Lachnospira pectinoschiza","Lachnospira","3","41396","0.00007247077012271717","","",""
"","species","Dialister species","Dialister","9","41396","0.0002174123103681515","","",""
"1304284","species","Caldisalinibacter kiritimatiensis","Caldisalinibacter","16","41396","0.0003865107739878249","","",""
"69473","species","Acholeplasma vituli","Acholeplasma","5","41396","0.00012078461687119528","","",""
"","species","Peptoniphilus species","Peptoniphilus","5","41396","0.00012078461687119528","","",""
"442866","species","Desulfovibrio butyratiphilus","Desulfovibrio","1","41396","0.000024156923374239057","","",""
"161493","species","Anaeromyxobacter dehalogenans","Anaeromyxobacter","9","41396","0.0002174123103681515","","",""
"2382","species","Acetitomaculum ruminis","Acetitomaculum","3","41396","0.00007247077012271717","","",""
"91623","species","Clostridium akagii","Clostridium","1","41396","0.000024156923374239057","","",""
"1557","species","Peptoclostridium litorale","Peptoclostridium","1","41396","0.000024156923374239057","","",""
"33035","species","Blautia producta","Blautia","4","41396","0.00009662769349695623","","",""
"","species","other Clostridia class","other Clostridia class","16","41396","0.0003865107739878249","","",""
"168384","species","Marvinbryantia formatexigens","Marvinbryantia","21","41396","0.0005072953908590202","","",""
"487174","species","Barnesiella intestinihominis","Barnesiella","1","41396","0.000024156923374239057","","",""
"143361","species","Filifactor alocis","Filifactor","2","41396","0.00004831384674847811","","",""
"258515","species","Acetanaerobacterium elongatum","Acetanaerobacterium","6","41396","0.00014494154024543435","","",""
"1468449","species","Holdemania massiliensis","Holdemania","7","41396","0.0001690984636196734","","",""
"633701","species","Prevotella saccharolytica","Prevotella","1","41396","0.000024156923374239057","","",""
"622","species","Shigella dysenteriae","Shigella","6","41396","0.00014494154024543435","","",""
"","species","Orientia species","Orientia","7","41396","0.0001690984636196734","","",""
"","species","Lactobacillus species","Lactobacillus","14","41396","0.0003381969272393468","","",""
"1034346","species","Dielma fastidiosa","Dielma","15","41396","0.00036235385061358585","","",""
"84026","species","[Clostridium] methylpentosum","Ruminiclostridium","17","41396","0.00041066769736206396","","",""
"115544","species","Parasporobacterium paucivorans","Parasporobacterium","2","41396","0.00004831384674847811","","",""
"357276","species","Bacteroides dorei","Bacteroides","6","41396","0.00014494154024543435","","",""
"","species","other Peptococcaceae family","other Peptococcaceae family","3","41396","0.00007247077012271717","","",""
"871664","species","Blautia stercoris","Blautia","1","41396","0.000024156923374239057","","",""
"","species","other Cytophagales order","other Cytophagales order","2","41396","0.00004831384674847811","","",""
"471189","species","Gordonibacter pamelaeae","Gordonibacter","2","41396","0.00004831384674847811","","",""
"1495","species","Clostridium cylindrosporum","Clostridium","3","41396","0.00007247077012271717","","",""
"915173","species","Faecalicoccus acidiformans","Faecalicoccus","21","41396","0.0005072953908590202","","",""
"29322","species","[Eubacterium] cellulosolvens","Eubacterium","11","41396","0.00026572615711662964","","",""
"349933","species","Clostridium hydrogeniformans","Clostridium","1","41396","0.000024156923374239057","","",""
"454171","species","Chthonomonas calidirosea","Chthonomonas","4","41396","0.00009662769349695623","","",""
"","species","Anaerobranca species","Anaerobranca","5","41396","0.00012078461687119528","","",""
"1732","species","Eubacterium oxidoreducens","Eubacterium","5","41396","0.00012078461687119528","","",""
"1337051","species","Murimonas intestini","Murimonas","16","41396","0.0003865107739878249","","",""
"1034471","species","Xenorhabdus ishibashii","Xenorhabdus","1","41396","0.000024156923374239057","","",""
"138595","species","Olsenella profusa","Olsenella","7","41396","0.0001690984636196734","","",""
"","species","Nitrosomonas species","Nitrosomonas","1","41396","0.000024156923374239057","","",""
"937254","species","Thermohydrogenium kirishiense","Thermohydrogenium","1","41396","0.000024156923374239057","","",""
"29373","species","Clostridium thermopalmarium","Clostridium","2","41396","0.00004831384674847811","","",""
"204516","species","Bacteroides massiliensis","Bacteroides","3","41396","0.00007247077012271717","","",""
"358743","species","[Clostridium] citroniae","Lachnoclostridium","22","41396","0.0005314523142332593","","",""
"671267","species","Bacteroides sartorii","Bacteroides","2","41396","0.00004831384674847811","","",""
"","species","other Lactobacillales order","other Lactobacillales order","8","41396","0.00019325538699391245","","",""
"1472417","species","Butyricimonas paravirosa","Butyricimonas","13","41396","0.00031404000386510775","","",""
"53343","species","Desulfotomaculum aeronauticum","Desulfotomaculum","1","41396","0.000024156923374239057","","",""
"28051","species","Lachnospira multipara","Lachnospira","1","41396","0.000024156923374239057","","",""
"847","species","Oxalobacter formigenes","Oxalobacter","25","41396","0.0006039230843559764","","",""
"347","species","Xanthomonas oryzae","Xanthomonas","2","41396","0.00004831384674847811","","",""
"932217","species","Anaerosalibacter bizertensis","Anaerosalibacter","14","41396","0.0003381969272393468","","",""
"47055","species","Dethiosulfovibrio peptidovorans","Dethiosulfovibrio","1","41396","0.000024156923374239057","","",""
"102886","species","Streptococcus didelphis","Streptococcus","3","41396","0.00007247077012271717","","",""
"1260629","species","Proteinivorax tanatarense","Proteinivorax","1","41396","0.000024156923374239057","","",""
"","species","Corynebacterium species","Corynebacterium","1","41396","0.000024156923374239057","","",""
"140626","species","Lachnobacterium bovis","Lachnobacterium","5","41396","0.00012078461687119528","","",""
"","species","other Eubacteriaceae family","other Eubacteriaceae family","3","41396","0.00007247077012271717","","",""
"1432052","species","Eisenbergiella tayi","Eisenbergiella","7","41396","0.0001690984636196734","","",""
"1472416","species","Butyricimonas faecihominis","Butyricimonas","17","41396","0.00041066769736206396","","",""
"265470","species","Desulfurispora thermophila","Desulfurispora","6","41396","0.00014494154024543435","","",""
"82560","species","Thiolamprovum pedioforme","Thiolamprovum","2","41396","0.00004831384674847811","","",""
"229919","species","Anaerolinea thermolimosa","Anaerolinea","1","41396","0.000024156923374239057","","",""
"29360","species","Cellulosilyticum lentocellum","Cellulosilyticum","9","41396","0.0002174123103681515","","",""
"36845","species","Clostridium intestinale","Clostridium","6","41396","0.00014494154024543435","","",""
"","species","other Peptostreptococcaceae family","other Peptostreptococcaceae family","14","41396","0.0003381969272393468","","",""
"69824","species","[Clostridium] cocleatum","Erysipelatoclostridium","6","41396","0.00014494154024543435","","",""
"","species","other Gammaproteobacteria class","other Gammaproteobacteria class","2","41396","0.00004831384674847811","","",""
"402147","species","Persicitalea jodogahamensis","Persicitalea","1","41396","0.000024156923374239057","","",""
"329","species","Ralstonia pickettii","Ralstonia","14","41396","0.0003381969272393468","","",""
"185008","species","Butyrivibrio hungatei","Butyrivibrio","1","41396","0.000024156923374239057","","",""
"","species","other Clostridiaceae family","other Clostridiaceae family","5","41396","0.00012078461687119528","","",""
"159728","species","Desulfovibrio cuneatus","Desulfovibrio","2","41396","0.00004831384674847811","","",""
"66269","species","Pantoea stewartii","Pantoea","1","41396","0.000024156923374239057","","",""
"86193","species","Sphingobium abikonense","Sphingobium","1","41396","0.000024156923374239057","","",""
"","species","other Burkholderiales order","other Burkholderiales order","2","41396","0.00004831384674847811","","",""
"","species","other Leuconostocaceae family","other Leuconostocaceae family","1","41396","0.000024156923374239057","","",""
"","species","Weissella species","Weissella","2","41396","0.00004831384674847811","","",""
"1526","species","[Clostridium] aminophilum","Lachnoclostridium","2","41396","0.00004831384674847811","","",""
"693994","species","Pseudoscillatoria coralii","Pseudoscillatoria","2","41396","0.00004831384674847811","","",""
"32056","species","Calothrix desertica","Calothrix","1","41396","0.000024156923374239057","","",""
"","species","Cardiobacterium species","Cardiobacterium","1","41396","0.000024156923374239057","","",""
"633404","species","Sporosarcina thermotolerans","Sporosarcina","16","41396","0.0003865107739878249","","",""
"","species","other Marinilabiliaceae family","other Marinilabiliaceae family","1","41396","0.000024156923374239057","","",""
"617123","species","Lachnoanaerobaculum umeaense","Lachnoanaerobaculum","1","41396","0.000024156923374239057","","",""
"84163","species","Cryptobacterium curtum","Cryptobacterium","5","41396","0.00012078461687119528","","",""
"","species","Megamonas species","Megamonas","1","41396","0.000024156923374239057","","",""
"454154","species","Paraprevotella clara","Paraprevotella","1","41396","0.000024156923374239057","","",""
"329854","species","Bacteroides intestinalis","Bacteroides","2","41396","0.00004831384674847811","","",""
"210623","species","Anoxynatronum sibiricum","Anoxynatronum","2","41396","0.00004831384674847811","","",""
"349094","species","Megasphaera sueciensis","Megasphaera","1","41396","0.000024156923374239057","","",""
"154046","species","Hungatella hathewayi","Hungatella","8","41396","0.00019325538699391245","","",""
"","species","Lachnoanaerobaculum species","Lachnoanaerobaculum","4","41396","0.00009662769349695623","","",""
"1465809","species","Clostridium senegalense","Clostridium","1","41396","0.000024156923374239057","","",""
"46503","species","Parabacteroides merdae","Parabacteroides","2","41396","0.00004831384674847811","","",""
"43997","species","Catonella morbi","Catonella","5","41396","0.00012078461687119528","","",""
"682400","species","Natranaerovirga pectinivora","Natranaerovirga","2","41396","0.00004831384674847811","","",""
"283811","species","Stackebrandtia nassauensis","Stackebrandtia","4","41396","0.00009662769349695623","","",""
"363265","species","Prevotella stercorea","Prevotella","2","41396","0.00004831384674847811","","",""
"39497","species","Eubacterium xylanophilum","Eubacterium","3","41396","0.00007247077012271717","","",""
"","species","other Hyphomonadaceae family","other Hyphomonadaceae family","3","41396","0.00007247077012271717","","",""
"61171","species","Holdemania filiformis","Holdemania","4","41396","0.00009662769349695623","","",""
"177972","species","Shuttleworthia satelles","Shuttleworthia","4","41396","0.00009662769349695623","","",""
"692418","species","Reichenbachiella faecimaris","Reichenbachiella","1","41396","0.000024156923374239057","","",""
"1251","species","Leuconostoc fallax","Leuconostoc","1","41396","0.000024156923374239057","","",""
"1537568","species","Desulfovibrio biadhensis","Desulfovibrio","1","41396","0.000024156923374239057","","",""
"","species","Butyrivibrio species","Butyrivibrio","4","41396","0.00009662769349695623","","",""
"180311","species","Hespellia stercorisuis","Hespellia","2","41396","0.00004831384674847811","","",""
"301301","species","Roseburia hominis","Roseburia","2","41396","0.00004831384674847811","","",""
"208962","species","Escherichia albertii","Escherichia","1","41396","0.000024156923374239057","","",""
"1176697","species","Oceanirhabdus sediminicola","Oceanirhabdus","1","41396","0.000024156923374239057","","",""
"100884","species","Coprobacillus cateniformis","Coprobacillus","1","41396","0.000024156923374239057","","",""
"","species","other Xanthomonadales order","other Xanthomonadales order","1","41396","0.000024156923374239057","","",""
"156456","species","Anaeroglobus geminatus","Anaeroglobus","6","41396","0.00014494154024543435","","",""
"","species","Anaerostipes species","Anaerostipes","3","41396","0.00007247077012271717","","",""
"","species","other Chromatiales order","other Chromatiales order","1","41396","0.000024156923374239057","","",""
"871327","species","Parabacteroides chinchillae","Parabacteroides","1","41396","0.000024156923374239057","","",""
"181070","species","Proteocatella sphenisci","Proteocatella","2","41396","0.00004831384674847811","","",""
"214853","species","Anaerofustis stercorihominis","Anaerofustis","1","41396","0.000024156923374239057","","",""
"279827","species","Phenylobacterium falsum","Phenylobacterium","1","41396","0.000024156923374239057","","",""
"36849","species","Oxobacter pfennigii","Oxobacter","1","41396","0.000024156923374239057","","",""
"","species","Anaerofilum species","Anaerofilum","1","41396","0.000024156923374239057","","",""
"166485","species","Caminicella sporogenes","Caminicella","1","41396","0.000024156923374239057","","",""
"166486","species","Roseburia intestinalis","Roseburia","3","41396","0.00007247077012271717","","",""
"2358","species","Desulfomonile tiedjei","Desulfomonile","1","41396","0.000024156923374239057","","",""
"105483","species","Desulfotomaculum alkaliphilum","Desulfotomaculum","7","41396","0.0001690984636196734","","",""
"35517","species","[Eubacterium] brachy","Clostridiales Family XIII. Incertae Sedis","1","41396","0.000024156923374239057","","",""
"371674","species","Moryella indoligenes","Moryella","1","41396","0.000024156923374239057","","",""
"1350067","species","Microbacter margulisiae","Microbacter","1","41396","0.000024156923374239057","","",""
"","species","Enterorhabdus species","Enterorhabdus","1","41396","0.000024156923374239057","","",""
"454600","species","Gracilimonas tropica","Gracilimonas","2","41396","0.00004831384674847811","","",""
"241430","species","Starria zimbabweensis","Starria","1","41396","0.000024156923374239057","","",""
"82985","species","Pragia fontium","Pragia","2","41396","0.00004831384674847811","","",""
"","species","Facklamia species","Facklamia","1","41396","0.000024156923374239057","","",""
"","species","other Chlorobiaceae family","other Chlorobiaceae family","2","41396","0.00004831384674847811","","",""
"1534","species","Clostridium kluyveri","Clostridium","3","41396","0.00007247077012271717","","",""
"","species","other Bacteroidetes phylum","other Bacteroidetes phylum","8","41396","0.00019325538699391245","","",""
"35518","species","[Eubacterium] nodatum","Clostridiales Family XIII. Incertae Sedis","1","41396","0.000024156923374239057","","",""
"1216062","species","Desulfotomaculum tongense","Desulfotomaculum","2","41396","0.00004831384674847811","","",""
"301302","species","Roseburia faecis","Roseburia","1","41396","0.000024156923374239057","","",""
"34011","species","Niveispirillum irakense","Niveispirillum","1","41396","0.000024156923374239057","","",""
"732242","species","Bacteroides paurosaccharolyticus","Bacteroides","4","41396","0.00009662769349695623","","",""
"425254","species","Cellulosilyticum ruminicola","Cellulosilyticum","2","41396","0.00004831384674847811","","",""
"55213","species","Brenneria rubrifaciens","Brenneria","3","41396","0.00007247077012271717","","",""
"","species","other Aquificaceae family","other Aquificaceae family","1","41396","0.000024156923374239057","","",""
"345342","species","Herminiimonas aquatilis","Herminiimonas","1","41396","0.000024156923374239057","","",""
"1603886","species","Bifidobacterium lemurum","Bifidobacterium","1","41396","0.000024156923374239057","","",""
"212659","species","Paenisporosarcina macmurdoensis","Paenisporosarcina","1","41396","0.000024156923374239057","","",""
"46228","species","Ruminococcus lactaris","Ruminococcus","2","41396","0.00004831384674847811","","",""
"1544","species","[Clostridium] oroticum","Lachnoclostridium","4","41396","0.00009662769349695623","","",""
"","species","Moraxella species","Moraxella","3","41396","0.00007247077012271717","","",""
"","species","Butyricimonas species","Butyricimonas","5","41396","0.00012078461687119528","","",""
"338188","species","Bacteroides finegoldii","Bacteroides","1","41396","0.000024156923374239057","","",""
"","species","other Thermomicrobia class","other Thermomicrobia class","2","41396","0.00004831384674847811","","",""
"","species","other Myxococcales order","other Myxococcales order","1","41396","0.000024156923374239057","","",""
"","species","Rhodanobacter species","Rhodanobacter","2","41396","0.00004831384674847811","","",""
"","species","Prevotella species","Prevotella","1","41396","0.000024156923374239057","","",""
"333964","species","Xenorhabdus indica","Xenorhabdus","1","41396","0.000024156923374239057","","",""
"433323","species","Aminicella lysinilytica","Aminicella","1","41396","0.000024156923374239057","","",""
"310297","species","Bacteroides plebeius","Bacteroides","2","41396","0.00004831384674847811","","",""
"55583","species","Dehalobacter restrictus","Dehalobacter","2","41396","0.00004831384674847811","","",""
"","species","other Proteobacteria phylum","other Proteobacteria phylum","6","41396","0.00014494154024543435","","",""
"376806","species","Bacteroides gallinarum","Bacteroides","2","41396","0.00004831384674847811","","",""
"626947","species","Parasutterella secunda","Parasutterella","1","41396","0.000024156923374239057","","",""
"228924","species","Guggenheimella bovis","Guggenheimella","3","41396","0.00007247077012271717","","",""
"84110","species","Slackia heliotrinireducens","Slackia","1","41396","0.000024156923374239057","","",""
"51123","species","[Eubacterium] saphenum","Clostridiales Family XIII. Incertae Sedis","2","41396","0.00004831384674847811","","",""
"102148","species","Solobacterium moorei","Solobacterium","2","41396","0.00004831384674847811","","",""
"997","species","Eisenibacter elegans","Eisenibacter","1","41396","0.000024156923374239057","","",""
"341220","species","Lactonifactor longoviformis","Lactonifactor","3","41396","0.00007247077012271717","","",""
"","species","Pelotomaculum species","Pelotomaculum","1","41396","0.000024156923374239057","","",""
"516123","species","Sporosalibacterium faouarense","Sporosalibacterium","6","41396","0.00014494154024543435","","",""
"35519","species","Mogibacterium timidum","Mogibacterium","3","41396","0.00007247077012271717","","",""
"","species","Marinifilum species","Marinifilum","1","41396","0.000024156923374239057","","",""
"137730","species","Facklamia ignava","Facklamia","1","41396","0.000024156923374239057","","",""
"","species","other Actinobacteria class","other Actinobacteria class","2","41396","0.00004831384674847811","","",""
"","species","other Alphaproteobacteria class","other Alphaproteobacteria class","3","41396","0.00007247077012271717","","",""
"","species","Acholeplasma species","Acholeplasma","1","41396","0.000024156923374239057","","",""
"167645","species","Propionivibrio limicola","Propionivibrio","1","41396","0.000024156923374239057","","",""
"","species","Granulosicoccus species","Granulosicoccus","1","41396","0.000024156923374239057","","",""
"","species","Anaeroplasma species","Anaeroplasma","1","41396","0.000024156923374239057","","",""
"","species","Aerococcus species","Aerococcus","1","41396","0.000024156923374239057","","",""
"44008","species","Enterococcus cecorum","Enterococcus","1","41396","0.000024156923374239057","","",""
"361111","species","Desulfoglaeba alkanexedens","Desulfoglaeba","1","41396","0.000024156923374239057","","",""
"39498","species","[Eubacterium] yurii","Peptoanaerobacter","1","41396","0.000024156923374239057","","",""
"796942","species","Stomatobaculum longum","Stomatobaculum","1","41396","0.000024156923374239057","","",""
"92933","species","Azospirillum doebereinerae","Azospirillum","1","41396","0.000024156923374239057","","",""
"","species","Syntrophomonas species","Syntrophomonas","1","41396","0.000024156923374239057","","",""
"153026","species","Desulforegula conservatrix","Desulforegula","1","41396","0.000024156923374239057","","",""
"477666","species","Bacteroides graminisolvens","Bacteroides","1","41396","0.000024156923374239057","","",""
"626940","species","Phascolarctobacterium succinatutens","Phascolarctobacterium","1","41396","0.000024156923374239057","","",""
"31971","species","[Eubacterium] dolichum","Erysipelotrichaceae","4","41396","0.00009662769349695623","","",""
"988801","species","Rosenbergiella nectarea","Rosenbergiella","2","41396","0.00004831384674847811","","",""
"","species","other Streptococcaceae family","other Streptococcaceae family","1","41396","0.000024156923374239057","","",""
"379900","species","Niabella aurantiaca","Niabella","1","41396","0.000024156923374239057","","",""
"288966","species","Lutispora thermophila","Lutispora","1","41396","0.000024156923374239057","","",""
"44676","species","Geothrix fermentans","Geothrix","2","41396","0.00004831384674847811","","",""
"1133319","species","Bacteroides reticulotermitis","Bacteroides","2","41396","0.00004831384674847811","","",""
"89152","species","[Clostridium] hiranonis","Peptostreptococcaceae","1","41396","0.000024156923374239057","","",""
"33033","species","Parvimonas micra","Parvimonas","1","41396","0.000024156923374239057","","",""
"","species","Erysipelothrix species","Erysipelothrix","1","41396","0.000024156923374239057","","",""
"28111","species","Bacteroides eggerthii","Bacteroides","2","41396","0.00004831384674847811","","",""
"","species","other Bacilli class","other Bacilli class","1","41396","0.000024156923374239057","","",""
"1157309","species","Luteolibacter cuticulihirudinis","Luteolibacter","1","41396","0.000024156923374239057","","",""
"1096341","species","Fonticella tunisiensis","Fonticella","1","41396","0.000024156923374239057","","",""
"77768","species","Prevotella albensis","Prevotella","2","41396","0.00004831384674847811","","",""
"","species","other Pasteurellaceae family","other Pasteurellaceae family","1","41396","0.000024156923374239057","","",""
"126385","species","Providencia alcalifaciens","Providencia","1","41396","0.000024156923374239057","","",""
"","species","other Oxalobacteraceae family","other Oxalobacteraceae family","2","41396","0.00004831384674847811","","",""
"54313","species","Tychonema bourrellyi","Tychonema","1","41396","0.000024156923374239057","","",""
"748857","species","Roseimicrobium gellanilyticum","Roseimicrobium","1","41396","0.000024156923374239057","","",""
"2374","species","Acetonema longum","Acetonema","1","41396","0.000024156923374239057","","",""
"234908","species","Sutterella stercoricanis","Sutterella","1","41396","0.000024156923374239057","","",""
"28113","species","Bacteroides heparinolyticus","Bacteroides","1","41396","0.000024156923374239057","","",""
"","species","other Spartobacteria class","other Spartobacteria class","1","41396","0.000024156923374239057","","",""
"31909","species","Halothermothrix orenii","Halothermothrix","1","41396","0.000024156923374239057","","",""
"582","species","Morganella morganii","Morganella","1","41396","0.000024156923374239057","","",""
"154288","species","Turicibacter sanguinis","Turicibacter","1","41396","0.000024156923374239057","","",""
"","species","other Oscillatoriaceae family","other Oscillatoriaceae family","2","41396","0.00004831384674847811","","",""
"43995","species","Johnsonella ignava","Johnsonella","1","41396","0.000024156923374239057","","",""
"706562","species","Lactobacillus rogosae","Lactobacillus","1","41396","0.000024156923374239057","","",""
"555313","species","Phocaeicola abscessus","Phocaeicola","1","41396","0.000024156923374239057","","",""
"1071886","species","Streptococcus troglodytidis","Streptococcus","1","41396","0.000024156923374239057","","",""
"","species","other Porphyromonadaceae family","other Porphyromonadaceae family","1","41396","0.000024156923374239057","","",""
"","species","other Cytophagaceae family","other Cytophagaceae family","1","41396","0.000024156923374239057","","",""
"","species","Alkaliphilus species","Alkaliphilus","2","41396","0.00004831384674847811","","",""
"87650","species","Facklamia sourekii","Facklamia","1","41396","0.000024156923374239057","","",""
"319644","species","Saccharofermentans acetigenes","Saccharofermentans","2","41396","0.00004831384674847811","","",""
"1579979","species","Wenzhouxiangella marina","Wenzhouxiangella","1","41396","0.000024156923374239057","","",""
"71656","species","Brenneria alni","Brenneria","2","41396","0.00004831384674847811","","",""
"","species","other Flammeovirgaceae family","other Flammeovirgaceae family","1","41396","0.000024156923374239057","","",""
"","species","other Desulfovibrionaceae family","other Desulfovibrionaceae family","1","41396","0.000024156923374239057","","",""
"1510","species","[Clostridium] stercorarium","Ruminiclostridium","1","41396","0.000024156923374239057","","",""
"1450648","species","Clostridium oryzae","Clostridium","2","41396","0.00004831384674847811","","",""
"1566","species","Desulfotomaculum australicum","Desulfotomaculum","1","41396","0.000024156923374239057","","",""
"214905","species","Tepidibacter thalassicus","Tepidibacter","1","41396","0.000024156923374239057","","",""
"217141","species","Arcicella aquatica","Arcicella","1","41396","0.000024156923374239057","","",""
"","species","Francisella species","Francisella","1","41396","0.000024156923374239057","","",""
"1008308","species","Fusibacter tunisiensis","Fusibacter","1","41396","0.000024156923374239057","","",""
"","species","other Morganellaceae family","other Morganellaceae family","1","41396","0.000024156923374239057","","",""
"39483","species","Faecalitalea cylindroides","Faecalitalea","3","41396","0.00007247077012271717","","",""
"502393","species","Gemella asaccharolytica","Gemella","1","41396","0.000024156923374239057","","",""
"28125","species","Prevotella bivia","Prevotella","1","41396","0.000024156923374239057","","",""
"89401","species","Colwellia demingiae","Colwellia","1","41396","0.000024156923374239057","","",""
"454144","species","Persicirhabdus sediminis","Persicirhabdus","1","41396","0.000024156923374239057","","",""
"1285191","species","Desulfotomaculum intricatum","Desulfotomaculum","1","41396","0.000024156923374239057","","",""
"158847","species","Megamonas hypermegale","Megamonas","1","41396","0.000024156923374239057","","",""