"taxon_id","rank","name","parent","count","rank_count","perc"
"186801","class","Clostridia","Firmicutes","16248","38736","0.419454770755886"
"200643","class","Bacteroidia","Bacteroidetes","19446","38736","0.5020136307311028"
"28216","class","Betaproteobacteria","Proteobacteria","570","38736","0.014714993804213134"
"201174","class","Actinobacteria","Actinobacteria","61","38736","0.0015747624948368442"
"203494","class","Verrucomicrobiae","Verrucomicrobia","1401","38736","0.036167905824039656"
"526524","class","Erysipelotrichia","Firmicutes","172","38736","0.004440313919867823"
"28221","class","Deltaproteobacteria","Proteobacteria","345","38736","0.008906443618339529"
"909932","class","Negativicutes","Firmicutes","203","38736","0.005240603056588186"
"84998","class","Coriobacteriia","Actinobacteria","27","38736","0.0006970260223048327"
"","class","other Firmicutes phylum","Firmicutes","17","38736","0.00043886823626600576"
"91061","class","Bacilli","Firmicutes","124","38736","0.003201156546881454"
"1737404","class","Tissierellia","Firmicutes","86","38736","0.0022201569599339115"
"1236","class","Gammaproteobacteria","Proteobacteria","14","38736","0.0003614209004543577"
"768503","class","Cytophagia","Bacteroidetes","2","38736","0.00005163155720776539"
"28211","class","Alphaproteobacteria","Proteobacteria","8","38736","0.00020652622883106156"
"1853228","class","Chitinophagia","Bacteroidetes","3","38736","0.00007744733581164808"
"31969","class","Mollicutes","Tenericutes","1","38736","0.000025815778603882695"
"","class","other Proteobacteria phylum","Proteobacteria","3","38736","0.00007744733581164808"
"795747","class","Ignavibacteria","Ignavibacteriae","1","38736","0.000025815778603882695"
"1497346","class","Thermoleophilia","Actinobacteria","1","38736","0.000025815778603882695"
"","class","other Bacteroidetes phylum","Bacteroidetes","1","38736","0.000025815778603882695"
"414999","class","Opitutae","Verrucomicrobia","1","38736","0.000025815778603882695"
"1853221","class","Balneolia","Balneolaeota","1","38736","0.000025815778603882695"
"186803","family","Lachnospiraceae","Clostridiales","5888","37873","0.1554669553507776"
"815","family","Bacteroidaceae","Bacteroidales","17953","37873","0.4740316320333747"
"995019","family","Sutterellaceae","Burkholderiales","566","37873","0.01494468354764608"
"541000","family","Ruminococcaceae","Clostridiales","7149","37873","0.1887624429012753"
"","family","other Actinobacteria class","other Actinobacteria class","2","37873","0.00005280806907295435"
"171550","family","Rikenellaceae","Bacteroidales","673","37873","0.017769915243049137"
"186806","family","Eubacteriaceae","Clostridiales","1232","37873","0.03252977054893988"
"1647988","family","Akkermansiaceae","Verrucomicrobiales","1397","37873","0.03688643624745861"
"216572","family","Oscillospiraceae","Clostridiales","411","37873","0.010852058194492118"
"128827","family","Erysipelotrichaceae","Erysipelotrichales","172","37873","0.004541493940274074"
"171551","family","Porphyromonadaceae","Bacteroidales","314","37873","0.008290866844453832"
"194924","family","Desulfovibrionaceae","Desulfovibrionales","307","37873","0.008106038602698493"
"31977","family","Veillonellaceae","Veillonellales","196","37873","0.005175190769149526"
"84107","family","Coriobacteriaceae","Coriobacteriales","1","37873","0.000026404034536477173"
"1853231","family","Odoribacteraceae","Bacteroidales","170","37873","0.004488685871201119"
"","family","other Firmicutes phylum","other Firmicutes phylum","17","37873","0.00044886858712011197"
"909930","family","Acidaminococcaceae","Acidaminococcales","6","37873","0.00015842420721886305"
"171552","family","Prevotellaceae","Bacteroidales","323","37873","0.008528503155282127"
"","family","other Clostridiales order","Clostridiales","427","37873","0.011274522747075752"
"539003","family","Bacillales Family X. Incertae Sedis","Bacillales","14","37873","0.00036965648351068044"
"543314","family","Clostridiales Family XIII. Incertae Sedis","Clostridiales","112","37873","0.0029572518680854435"
"31979","family","Clostridiaceae","Clostridiales","114","37873","0.003010059937158398"
"186807","family","Peptococcaceae","Clostridiales","18","37873","0.0004752726216565891"
"1643826","family","Eggerthellaceae","Eggerthellales","19","37873","0.0005016766561930663"
"186804","family","Peptostreptococcaceae","Clostridiales","19","37873","0.0005016766561930663"
"1570339","family","Peptoniphilaceae","Tissierellales","85","37873","0.0022443429356005596"
"","family","other Bacteroidales order","Bacteroidales","5","37873","0.00013202017268238586"
"1300","family","Streptococcaceae","Lactobacillales","65","37873","0.0017162622448710163"
"28256","family","Halomonadaceae","Oceanospirillales","1","37873","0.000026404034536477173"
"33958","family","Lactobacillaceae","Lactobacillales","9","37873","0.00023763631082829455"
"","family","other Enterobacterales order","Enterobacterales","4","37873","0.0001056161381459087"
"31953","family","Bifidobacteriaceae","Bifidobacteriales","34","37873","0.0008977371742402239"
"81852","family","Enterococcaceae","Lactobacillales","4","37873","0.0001056161381459087"
"1643824","family","Atopobiaceae","Coriobacteriales","7","37873","0.00018482824175534022"
"81850","family","Leuconostocaceae","Lactobacillales","6","37873","0.00015842420721886305"
"186818","family","Planococcaceae","Bacillales","9","37873","0.00023763631082829455"
"1524215","family","Anaeromyxobacteraceae","Myxococcales","9","37873","0.00023763631082829455"
"213116","family","Desulfomicrobiaceae","Desulfovibrionales","19","37873","0.0005016766561930663"
"","family","other Lactobacillales order","Lactobacillales","5","37873","0.00013202017268238586"
"","family","other Cytophagales order","Cytophagales","1","37873","0.000026404034536477173"
"2049","family","Actinomycetaceae","Actinomycetales","9","37873","0.00023763631082829455"
"712","family","Pasteurellaceae","Pasteurellales","1","37873","0.000026404034536477173"
"1653","family","Corynebacteriaceae","Corynebacteriales","7","37873","0.00018482824175534022"
"","family","other Clostridia class","other Clostridia class","8","37873","0.0002112322762918174"
"","family","other Desulfovibrionales order","Desulfovibrionales","2","37873","0.00005280806907295435"
"1903411","family","Yersiniaceae","Enterobacterales","1","37873","0.000026404034536477173"
"85019","family","Brevibacteriaceae","Micrococcales","7","37873","0.00018482824175534022"
"90964","family","Staphylococcaceae","Bacillales","1","37873","0.000026404034536477173"
"186827","family","Aerococcaceae","Lactobacillales","1","37873","0.000026404034536477173"
"41297","family","Sphingomonadaceae","Sphingomonadales","6","37873","0.00015842420721886305"
"","family","other Verrucomicrobiales order","Verrucomicrobiales","4","37873","0.0001056161381459087"
"41295","family","Rhodospirillaceae","Rhodospirillales","1","37873","0.000026404034536477173"
"186822","family","Paenibacillaceae","Bacillales","6","37873","0.00015842420721886305"
"543349","family","Symbiobacteriaceae","Clostridiales","3","37873","0.00007921210360943153"
"403","family","Methylococcaceae","Methylococcales","1","37873","0.000026404034536477173"
"213119","family","Desulfobacteraceae","Desulfobacterales","3","37873","0.00007921210360943153"
"","family","other Myxococcales order","Myxococcales","1","37873","0.000026404034536477173"
"75682","family","Oxalobacteraceae","Burkholderiales","2","37873","0.00005280806907295435"
"563835","family","Chitinophagaceae","Chitinophagales","3","37873","0.00007921210360943153"
"186814","family","Thermoanaerobacteraceae","Thermoanaerobacterales","3","37873","0.00007921210360943153"
"2092","family","Mycoplasmataceae","Mycoplasmatales","1","37873","0.000026404034536477173"
"69657","family","Hyphomonadaceae","Rhodobacterales","1","37873","0.000026404034536477173"
"85023","family","Microbacteriaceae","Micrococcales","1","37873","0.000026404034536477173"
"","family","other Proteobacteria phylum","other Proteobacteria phylum","3","37873","0.00007921210360943153"
"68298","family","Syntrophomonadaceae","Clostridiales","2","37873","0.00005280806907295435"
"1853234","family","Persicobacteraceae","Cytophagales","1","37873","0.000026404034536477173"
"","family","other Betaproteobacteria class","other Betaproteobacteria class","1","37873","0.000026404034536477173"
"1334117","family","Melioribacteraceae","Ignavibacteriales","1","37873","0.000026404034536477173"
"","family","other Deltaproteobacteria class","other Deltaproteobacteria class","1","37873","0.000026404034536477173"
"72276","family","Ectothiorhodospiraceae","Chromatiales","1","37873","0.000026404034536477173"
"320599","family","Solirubrobacteraceae","Solirubrobacterales","1","37873","0.000026404034536477173"
"558415","family","Marinilabiliaceae","Bacteroidales","6","37873","0.00015842420721886305"
"206349","family","Hydrogenophilaceae","Hydrogenophilales","1","37873","0.000026404034536477173"
"","family","other Bacteroidetes phylum","other Bacteroidetes phylum","1","37873","0.000026404034536477173"
"72275","family","Alteromonadaceae","Alteromonadales","2","37873","0.00005280806907295435"
"568386","family","Sinobacteraceae","Nevskiales","1","37873","0.000026404034536477173"
"186823","family","Alicyclobacillaceae","Bacillales","1","37873","0.000026404034536477173"
"186817","family","Bacillaceae","Bacillales","2","37873","0.00005280806907295435"
"415002","family","Puniceicoccaceae","Puniceicoccales","1","37873","0.000026404034536477173"
"1573805","family","Marinifilaceae","Bacteroidales","1","37873","0.000026404034536477173"
"468","family","Moraxellaceae","Pseudomonadales","1","37873","0.000026404034536477173"
"1813606","family","Balneolaceae","Balneolales","1","37873","0.000026404034536477173"
"1843491","family","Selenomonadaceae","Selenomonadales","1","37873","0.000026404034536477173"
"213465","family","Syntrophobacteraceae","Syntrophobacterales","1","37873","0.000026404034536477173"
"","family","other Bacilli class","other Bacilli class","1","37873","0.000026404034536477173"
"213121","family","Desulfobulbaceae","Desulfobacterales","1","37873","0.000026404034536477173"
"85029","family","Dietziaceae","Corynebacteriales","1","37873","0.000026404034536477173"
"224380","family","Desulfonatronaceae","Desulfovibrionales","1","37873","0.000026404034536477173"
"543313","family","Clostridiales Family XII. Incertae Sedis","Clostridiales","1","37873","0.000026404034536477173"
"1185407","family","Defluviitaleaceae","Clostridiales","1","37873","0.000026404034536477173"
"186802","order","Clostridiales","Clostridia","16237","38734","0.41919244074972895"
"171549","order","Bacteroidales","Bacteroidia","19446","38734","0.502039551814943"
"80840","order","Burkholderiales","Betaproteobacteria","568","38734","0.014664119378323954"
"","order","other Actinobacteria class","Actinobacteria","2","38734","0.00005163422316311251"
"48461","order","Verrucomicrobiales","Verrucomicrobiae","1401","38734","0.03616977332576032"
"526525","order","Erysipelotrichales","Erysipelotrichia","172","38734","0.004440543192027676"
"213115","order","Desulfovibrionales","Deltaproteobacteria","329","38734","0.008493829710332008"
"1843489","order","Veillonellales","Negativicutes","196","38734","0.005060153869985026"
"84999","order","Coriobacteriales","Coriobacteriia","8","38734","0.00020653689265245003"
"","order","other Firmicutes phylum","other Firmicutes phylum","17","38734","0.0004388908968864563"
"1843488","order","Acidaminococcales","Negativicutes","6","38734","0.00015490266948933753"
"1385","order","Bacillales","Bacilli","33","38734","0.0008519646821913564"
"1643822","order","Eggerthellales","Coriobacteriia","19","38734","0.0004905251200495688"
"1737405","order","Tissierellales","Tissierellia","85","38734","0.002194454484432282"
"186826","order","Lactobacillales","Bacilli","90","38734","0.002323540042340063"
"135619","order","Oceanospirillales","Gammaproteobacteria","1","38734","0.000025817111581556254"
"91347","order","Enterobacterales","Gammaproteobacteria","5","38734","0.00012908555790778128"
"85004","order","Bifidobacteriales","Actinobacteria","34","38734","0.0008777817937729126"
"29","order","Myxococcales","Deltaproteobacteria","10","38734","0.00025817111581556256"
"768507","order","Cytophagales","Cytophagia","2","38734","0.00005163422316311251"
"2037","order","Actinomycetales","Actinobacteria","9","38734","0.0002323540042340063"
"135625","order","Pasteurellales","Gammaproteobacteria","1","38734","0.000025817111581556254"
"85007","order","Corynebacteriales","Actinobacteria","8","38734","0.00020653689265245003"
"","order","other Clostridia class","Clostridia","8","38734","0.00020653689265245003"
"85006","order","Micrococcales","Actinobacteria","8","38734","0.00020653689265245003"
"204457","order","Sphingomonadales","Alphaproteobacteria","6","38734","0.00015490266948933753"
"204441","order","Rhodospirillales","Alphaproteobacteria","1","38734","0.000025817111581556254"
"135618","order","Methylococcales","Gammaproteobacteria","1","38734","0.000025817111581556254"
"213118","order","Desulfobacterales","Deltaproteobacteria","4","38734","0.00010326844632622502"
"1853229","order","Chitinophagales","Chitinophagia","3","38734","0.00007745133474466877"
"68295","order","Thermoanaerobacterales","Clostridia","3","38734","0.00007745133474466877"
"2085","order","Mycoplasmatales","Mollicutes","1","38734","0.000025817111581556254"
"204455","order","Rhodobacterales","Alphaproteobacteria","1","38734","0.000025817111581556254"
"","order","other Proteobacteria phylum","other Proteobacteria phylum","3","38734","0.00007745133474466877"
"","order","other Betaproteobacteria class","Betaproteobacteria","1","38734","0.000025817111581556254"
"795748","order","Ignavibacteriales","Ignavibacteria","1","38734","0.000025817111581556254"
"","order","other Deltaproteobacteria class","Deltaproteobacteria","1","38734","0.000025817111581556254"
"135613","order","Chromatiales","Gammaproteobacteria","1","38734","0.000025817111581556254"
"588673","order","Solirubrobacterales","Thermoleophilia","1","38734","0.000025817111581556254"
"119069","order","Hydrogenophilales","Betaproteobacteria","1","38734","0.000025817111581556254"
"","order","other Bacteroidetes phylum","other Bacteroidetes phylum","1","38734","0.000025817111581556254"
"135622","order","Alteromonadales","Gammaproteobacteria","2","38734","0.00005163422316311251"
"1775403","order","Nevskiales","Gammaproteobacteria","1","38734","0.000025817111581556254"
"415001","order","Puniceicoccales","Opitutae","1","38734","0.000025817111581556254"
"72274","order","Pseudomonadales","Gammaproteobacteria","1","38734","0.000025817111581556254"
"1853223","order","Balneolales","Balneolia","1","38734","0.000025817111581556254"
"909929","order","Selenomonadales","Negativicutes","1","38734","0.000025817111581556254"
"213462","order","Syntrophobacterales","Deltaproteobacteria","1","38734","0.000025817111581556254"
"","order","other Bacilli class","Bacilli","1","38734","0.000025817111581556254"
"572511","genus","Blautia","Lachnospiraceae","3072","38322","0.08016283074996086"
"816","genus","Bacteroides","Bacteroidaceae","17953","38322","0.46847763686655186"
"577310","genus","Parasutterella","Sutterellaceae","560","38322","0.014613016022128281"
"216851","genus","Faecalibacterium","Ruminococcaceae","2072","38322","0.05406815928187464"
"1506577","genus","Tyzzerella","Lachnospiraceae","284","38322","0.007410886696936485"
"","genus","other Actinobacteria class","other Actinobacteria class","2","38322","0.00005218934293617243"
"1508657","genus","Ruminiclostridium","Ruminococcaceae","2085","38322","0.05440739001095976"
"239759","genus","Alistipes","Rikenellaceae","671","38322","0.01750952455508585"
"1407607","genus","Fusicatenibacter","Lachnospiraceae","763","38322","0.019910234330149785"
"1730","genus","Eubacterium","Eubacteriaceae","1226","38322","0.0319920672198737"
"1164882","genus","Lachnoanaerobaculum","Lachnospiraceae","41","38322","0.001069881530191535"
"239934","genus","Akkermansia","Akkermansiaceae","1397","38322","0.03645425604091645"
"459786","genus","Oscillibacter","Oscillospiraceae","411","38322","0.010724909973383436"
"1263","genus","Ruminococcus","Ruminococcaceae","1864","38322","0.04864046761651271"
"1506553","genus","Lachnoclostridium","Lachnospiraceae","632","38322","0.01649183236783049"
"1505663","genus","Erysipelatoclostridium","Erysipelotrichaceae","144","38322","0.0037576326914044154"
"375288","genus","Parabacteroides","Porphyromonadaceae","228","38322","0.005949585094723657"
"841","genus","Roseburia","Lachnospiraceae","28","38322","0.0007306508011064141"
"872","genus","Desulfovibrio","Desulfovibrionaceae","306","38322","0.007984969469234382"
"1686313","genus","Fenollaria","Clostridiales","79","38322","0.002061479045978811"
"204475","genus","Gemmiger","Ruminococcaceae","347","38322","0.009054850999425917"
"","genus","other Ruminococcaceae family","Ruminococcaceae","557","38322","0.014534732007724023"
"","genus","other Veillonellaceae family","Veillonellaceae","146","38322","0.0038098220343405877"
"207244","genus","Anaerostipes","Lachnospiraceae","171","38322","0.004462188821042743"
"44748","genus","Sporobacter","Ruminococcaceae","76","38322","0.0019831950315745525"
"1472762","genus","Enorma","Coriobacteriaceae","1","38322","0.000026094671468086216"
"140625","genus","Lachnobacterium","Lachnospiraceae","36","38322","0.0009394081728511038"
"33042","genus","Coprococcus","Lachnospiraceae","66","38322","0.0017222483168936903"
"1392389","genus","Intestinimonas","Clostridiales","219","38322","0.005714733051510881"
"35829","genus","Acetivibrio","Ruminococcaceae","2","38322","0.00005218934293617243"
"1715798","genus","Levyella","Clostridiales","116","38322","0.0030269818902980013"
"248744","genus","Marvinbryantia","Lachnospiraceae","24","38322","0.0006262721152340692"
"574697","genus","Butyricimonas","Odoribacteraceae","105","38322","0.002739940504149053"
"","genus","other Firmicutes phylum","other Firmicutes phylum","17","38322","0.00044360941495746566"
"283168","genus","Odoribacter","Odoribacteraceae","65","38322","0.0016961536454256042"
"33024","genus","Phascolarctobacterium","Acidaminococcaceae","4","38322","0.00010437868587234486"
"838","genus","Prevotella","Prevotellaceae","320","38322","0.008350294869787589"
"946234","genus","Flavonifractor","Clostridiales","311","38322","0.008115442826574813"
"","genus","other Clostridiales order","other Clostridiales order","427","38322","0.011142424716872814"
"43994","genus","Johnsonella","Lachnospiraceae","1","38322","0.000026094671468086216"
"836","genus","Porphyromonas","Porphyromonadaceae","79","38322","0.002061479045978811"
"94008","genus","Thermicanus","Bacillales Family X. Incertae Sedis","14","38322","0.00036532540055320703"
"1715793","genus","Casaltella","Clostridiales Family XIII. Incertae Sedis","104","38322","0.0027138458326809666"
"244127","genus","Anaerotruncus","Ruminococcaceae","21","38322","0.0005479881008298106"
"265975","genus","Oribacterium","Lachnospiraceae","151","38322","0.003940295391681019"
"588605","genus","Robinsoniella","Lachnospiraceae","30","38322","0.0007828401440425865"
"1485","genus","Clostridium","Clostridiaceae","73","38322","0.0019049110171702939"
"56112","genus","Dehalobacter","Peptococcaceae","15","38322","0.00039142007202129324"
"84111","genus","Eggerthella","Eggerthellaceae","12","38322","0.0003131360576170346"
"644652","genus","Gordonibacter","Eggerthellaceae","2","38322","0.00005218934293617243"
"292632","genus","Subdoligranulum","Ruminococcaceae","25","38322","0.0006523667867021554"
"1505657","genus","Intestinibacter","Peptostreptococcaceae","1","38322","0.000026094671468086216"
"162289","genus","Peptoniphilus","Peptoniphilaceae","37","38322","0.00096550284431919"
"39948","genus","Dialister","Veillonellaceae","44","38322","0.0011481655445957936"
"","genus","other Bacteroidales order","other Bacteroidales order","5","38322","0.00013047335734043107"
"165779","genus","Anaerococcus","Peptoniphilaceae","11","38322","0.0002870413861489484"
"1649459","genus","Hungatella","Clostridiaceae","22","38322","0.0005740827722978968"
"1301","genus","Streptococcus","Streptococcaceae","51","38322","0.0013308282448723971"
"166484","genus","Caminicella","Clostridiaceae","1","38322","0.000026094671468086216"
"2745","genus","Halomonas","Halomonadaceae","1","38322","0.000026094671468086216"
"1578","genus","Lactobacillus","Lactobacillaceae","9","38322","0.00023485204321277596"
"1774128","genus","Murimonas","Lachnospiraceae","13","38322","0.0003392307290851208"
"","genus","other Enterobacterales order","other Enterobacterales order","4","38322","0.00010437868587234486"
"596767","genus","Hydrogenoanaerobacterium","Ruminococcaceae","68","38322","0.0017744376598298626"
"253238","genus","Ethanoligenens","Ruminococcaceae","12","38322","0.0003131360576170346"
"41707","genus","Lawsonia","Desulfovibrionaceae","1","38322","0.000026094671468086216"
"43996","genus","Catonella","Lachnospiraceae","24","38322","0.0006262721152340692"
"1678","genus","Bifidobacterium","Bifidobacteriaceae","34","38322","0.0008872188299149313"
"1649284","genus","Ercella","Ruminococcaceae","14","38322","0.00036532540055320703"
"1017280","genus","Pseudoflavonifractor","Clostridiales","122","38322","0.0031835499191065183"
"1347386","genus","Anaerosalibacter","Clostridiaceae","6","38322","0.0001565680288085173"
"189330","genus","Dorea","Lachnospiraceae","57","38322","0.0014873962736809143"
"","genus","other Peptostreptococcaceae family","Peptostreptococcaceae","11","38322","0.0002870413861489484"
"1350","genus","Enterococcus","Enterococcaceae","1","38322","0.000026094671468086216"
"133925","genus","Olsenella","Atopobiaceae","7","38322","0.00018266270027660352"
"86331","genus","Mogibacterium","Clostridiales Family XIII. Incertae Sedis","7","38322","0.00018266270027660352"
"830","genus","Butyrivibrio","Lachnospiraceae","16","38322","0.00041751474348937945"
"577309","genus","Paraprevotella","Prevotellaceae","3","38322","0.00007828401440425865"
"906","genus","Megasphaera","Veillonellaceae","3","38322","0.00007828401440425865"
"258514","genus","Acetanaerobacterium","Ruminococcaceae","5","38322","0.00013047335734043107"
"33951","genus","Acetobacterium","Eubacteriaceae","1","38322","0.000026094671468086216"
"","genus","other Lachnospiraceae family","Lachnospiraceae","41","38322","0.001069881530191535"
"100883","genus","Coprobacillus","Erysipelotrichaceae","10","38322","0.00026094671468086214"
"1243","genus","Leuconostoc","Leuconostocaceae","2","38322","0.00005218934293617243"
"1569","genus","Sporosarcina","Planococcaceae","9","38322","0.00023485204321277596"
"1501226","genus","Romboutsia","Peptostreptococcaceae","2","38322","0.00005218934293617243"
"161492","genus","Anaeromyxobacter","Anaeromyxobacteraceae","9","38322","0.00023485204321277596"
"898","genus","Desulfomicrobium","Desulfomicrobiaceae","19","38322","0.0004957987578936381"
"1427378","genus","Acetatifactor","Lachnospiraceae","8","38322","0.00020875737174468973"
"","genus","other Lactobacillales order","other Lactobacillales order","5","38322","0.00013047335734043107"
"31980","genus","Acetitomaculum","Lachnospiraceae","3","38322","0.00007828401440425865"
"150022","genus","Finegoldia","Peptoniphilaceae","37","38322","0.00096550284431919"
"","genus","other Eubacteriaceae family","Eubacteriaceae","3","38322","0.00007828401440425865"
"","genus","other Cytophagales order","other Cytophagales order","1","38322","0.000026094671468086216"
"1654","genus","Actinomyces","Actinomycetaceae","5","38322","0.00013047335734043107"
"724","genus","Haemophilus","Pasteurellaceae","1","38322","0.000026094671468086216"
"115543","genus","Parasporobacterium","Lachnospiraceae","6","38322","0.0001565680288085173"
"46255","genus","Weissella","Leuconostocaceae","4","38322","0.00010437868587234486"
"61170","genus","Holdemania","Erysipelotrichaceae","14","38322","0.00036532540055320703"
"1716","genus","Corynebacterium","Corynebacteriaceae","7","38322","0.00018266270027660352"
"","genus","other Clostridia class","other Clostridia class","8","38322","0.00020875737174468973"
"","genus","other Desulfovibrionales order","other Desulfovibrionales order","2","38322","0.00005218934293617243"
"397864","genus","Barnesiella","Porphyromonadaceae","1","38322","0.000026094671468086216"
"156454","genus","Anaeroglobus","Veillonellaceae","1","38322","0.000026094671468086216"
"613","genus","Serratia","Yersiniaceae","1","38322","0.000026094671468086216"
"1696","genus","Brevibacterium","Brevibacteriaceae","7","38322","0.00018266270027660352"
"698776","genus","Cellulosilyticum","Lachnospiraceae","4","38322","0.00010437868587234486"
"580596","genus","Butyricicoccus","Clostridiaceae","4","38322","0.00010437868587234486"
"1279","genus","Staphylococcus","Staphylococcaceae","1","38322","0.000026094671468086216"
"","genus","other Porphyromonadaceae family","Porphyromonadaceae","4","38322","0.00010437868587234486"
"66831","genus","Facklamia","Aerococcaceae","1","38322","0.000026094671468086216"
"1434023","genus","Natranaerovirga","Clostridiales","2","38322","0.00005218934293617243"
"13687","genus","Sphingomonas","Sphingomonadaceae","6","38322","0.0001565680288085173"
"1433991","genus","Brassicibacter","Clostridiaceae","4","38322","0.00010437868587234486"
"","genus","other Verrucomicrobiales order","other Verrucomicrobiales order","4","38322","0.00010437868587234486"
"1543704","genus","Niveispirillum","Rhodospirillaceae","1","38322","0.000026094671468086216"
"44249","genus","Paenibacillus","Paenibacillaceae","6","38322","0.0001565680288085173"
"1006480","genus","Caldinitratiruptor","Symbiobacteriaceae","3","38322","0.00007828401440425865"
"241189","genus","Hespellia","Lachnospiraceae","4","38322","0.00010437868587234486"
"1357","genus","Lactococcus","Streptococcaceae","14","38322","0.00036532540055320703"
"1410680","genus","Methyloglobulus","Methylococcaceae","1","38322","0.000026094671468086216"
"113286","genus","Pseudoramibacter","Eubacteriaceae","1","38322","0.000026094671468086216"
"156973","genus","Dysgonomonas","Porphyromonadaceae","2","38322","0.00005218934293617243"
"909928","genus","Negativicoccus","Veillonellaceae","1","38322","0.000026094671468086216"
"89342","genus","Desulfocella","Desulfobacteraceae","2","38322","0.00005218934293617243"
"","genus","other Myxococcales order","other Myxococcales order","1","38322","0.000026094671468086216"
"1505652","genus","Terrisporobacter","Peptostreptococcaceae","2","38322","0.00005218934293617243"
"40544","genus","Sutterella","Sutterellaceae","6","38322","0.0001565680288085173"
"846","genus","Oxalobacter","Oxalobacteraceae","1","38322","0.000026094671468086216"
"379899","genus","Niabella","Chitinophagaceae","2","38322","0.00005218934293617243"
"2050","genus","Mobiluncus","Actinomycetaceae","4","38322","0.00010437868587234486"
"44258","genus","Caloramator","Clostridiaceae","2","38322","0.00005218934293617243"
"44260","genus","Moorella","Thermoanaerobacteraceae","3","38322","0.00007828401440425865"
"2093","genus","Mycoplasma","Mycoplasmataceae","1","38322","0.000026094671468086216"
"","genus","other Erysipelotrichaceae family","Erysipelotrichaceae","2","38322","0.00005218934293617243"
"177971","genus","Shuttleworthia","Lachnospiraceae","4","38322","0.00010437868587234486"
"84162","genus","Cryptobacterium","Eggerthellaceae","1","38322","0.000026094671468086216"
"","genus","other Hyphomonadaceae family","Hyphomonadaceae","1","38322","0.000026094671468086216"
"255204","genus","Pseudoclavibacter","Microbacteriaceae","1","38322","0.000026094671468086216"
"909656","genus","Phocaeicola","Bacteroidales","1","38322","0.000026094671468086216"
"","genus","other Proteobacteria phylum","other Proteobacteria phylum","3","38322","0.00007828401440425865"
"904","genus","Acidaminococcus","Acidaminococcaceae","2","38322","0.00005218934293617243"
"360541","genus","Sporacetigenium","Peptostreptococcaceae","1","38322","0.000026094671468086216"
"937253","genus","Thermohydrogenium","Syntrophomonadaceae","1","38322","0.000026094671468086216"
"1562","genus","Desulfotomaculum","Peptococcaceae","3","38322","0.00007828401440425865"
"1434007","genus","Fulvitalea","Persicobacteraceae","1","38322","0.000026094671468086216"
"","genus","other Betaproteobacteria class","other Betaproteobacteria class","1","38322","0.000026094671468086216"
"1134403","genus","Melioribacter","Melioribacteraceae","1","38322","0.000026094671468086216"
"1637744","genus","Aminicella","Eubacteriaceae","1","38322","0.000026094671468086216"
"667112","genus","Lutispora","Clostridiaceae","1","38322","0.000026094671468086216"
"","genus","other Deltaproteobacteria class","other Deltaproteobacteria class","1","38322","0.000026094671468086216"
"406099","genus","Aquisalimonas","Ectothiorhodospiraceae","1","38322","0.000026094671468086216"
"207599","genus","Solirubrobacter","Solirubrobacteraceae","1","38322","0.000026094671468086216"
"59738","genus","Marinilabilia","Marinilabiliaceae","1","38322","0.000026094671468086216"
"404402","genus","Howardella","Clostridiales","2","38322","0.00005218934293617243"
"70774","genus","Hydrogenophilus","Hydrogenophilaceae","1","38322","0.000026094671468086216"
"","genus","other Bacteroidetes phylum","other Bacteroidetes phylum","1","38322","0.000026094671468086216"
"1494561","genus","Agaribacter","Alteromonadaceae","1","38322","0.000026094671468086216"
"","genus","other Eggerthellaceae family","Eggerthellaceae","4","38322","0.00010437868587234486"
"44259","genus","Filifactor","Peptostreptococcaceae","1","38322","0.000026094671468086216"
"64001","genus","Nevskia","Sinobacteraceae","1","38322","0.000026094671468086216"
"303379","genus","Herminiimonas","Oxalobacteraceae","1","38322","0.000026094671468086216"
"1502725","genus","Effusibacillus","Alicyclobacillaceae","1","38322","0.000026094671468086216"
"1432051","genus","Eisenbergiella","Lachnospiraceae","2","38322","0.00005218934293617243"
"1628153","genus","Carboxylicivirga","Marinilabiliaceae","2","38322","0.00005218934293617243"
"492233","genus","Thiohalorhabdus","Gammaproteobacteria","1","38322","0.000026094671468086216"
"1386","genus","Bacillus","Bacillaceae","2","38322","0.00005218934293617243"
"1634949","genus","Anaerocella","Rikenellaceae","1","38322","0.000026094671468086216"
"2299","genus","Desulfosarcina","Desulfobacteraceae","1","38322","0.000026094671468086216"
"468938","genus","Cerasicoccus","Puniceicoccaceae","1","38322","0.000026094671468086216"
"2742","genus","Marinobacter","Alteromonadaceae","1","38322","0.000026094671468086216"
"100175","genus","Papillibacter","Ruminococcaceae","1","38322","0.000026094671468086216"
"866673","genus","Marinifilum","Marinifilaceae","1","38322","0.000026094671468086216"
"475","genus","Moraxella","Moraxellaceae","1","38322","0.000026094671468086216"
"649462","genus","Gracilimonas","Balneolaceae","1","38322","0.000026094671468086216"
"1501224","genus","Hydrogenispora","Firmicutes","1","38322","0.000026094671468086216"
"","genus","other Selenomonadaceae family","Selenomonadaceae","1","38322","0.000026094671468086216"
"361106","genus","Desulfoglaeba","Syntrophobacteraceae","1","38322","0.000026094671468086216"
"100132","genus","Sporobacterium","Lachnospiraceae","2","38322","0.00005218934293617243"
"","genus","other Bacilli class","other Bacilli class","1","38322","0.000026094671468086216"
"191303","genus","Turicibacter","Erysipelotrichaceae","2","38322","0.00005218934293617243"
"893","genus","Desulfobulbus","Desulfobulbaceae","1","38322","0.000026094671468086216"
"","genus","other Marinilabiliaceae family","Marinilabiliaceae","2","38322","0.00005218934293617243"
"37914","genus","Dietzia","Dietziaceae","1","38322","0.000026094671468086216"
"29465","genus","Veillonella","Veillonellaceae","1","38322","0.000026094671468086216"
"66848","genus","Desulfonatronum","Desulfonatronaceae","1","38322","0.000026094671468086216"
"76008","genus","Fusibacter","Clostridiales Family XII. Incertae Sedis","1","38322","0.000026094671468086216"
"28050","genus","Lachnospira","Lachnospiraceae","1","38322","0.000026094671468086216"
"186831","genus","Acetoanaerobium","Peptostreptococcaceae","1","38322","0.000026094671468086216"
"","genus","other Rikenellaceae family","Rikenellaceae","1","38322","0.000026094671468086216"
"114627","genus","Alkaliphilus","Clostridiaceae","1","38322","0.000026094671468086216"
"","genus","other Chitinophagaceae family","Chitinophagaceae","1","38322","0.000026094671468086216"
"51668","genus","Tetragenococcus","Enterococcaceae","3","38322","0.00007828401440425865"
"862","genus","Syntrophomonas","Syntrophomonadaceae","1","38322","0.000026094671468086216"
"1236988","genus","Geofilum","Marinilabiliaceae","1","38322","0.000026094671468086216"
"1185408","genus","Defluviitalea","Defluviitaleaceae","1","38322","0.000026094671468086216"
"2","kingdom","Bacteria","","38746","38746","1"
"1239","phylum","Firmicutes","Bacteria","16851","38737","0.4350104551204275"
"200643","phylum","Bacteroidetes","Bacteria","19452","38737","0.5021555618659163"
"1224","phylum","Proteobacteria","Bacteria","940","38737","0.024266205436662622"
"201174","phylum","Actinobacteria","Bacteria","89","38737","0.0022975449828329503"
"74201","phylum","Verrucomicrobia","Bacteria","1402","38737","0.03619278725766063"
"544448","phylum","Tenericutes","Bacteria","1","38737","0.000025815112166662364"
"1134404","phylum","Ignavibacteriae","Bacteria","1","38737","0.000025815112166662364"
"1936987","phylum","Balneolaeota","Bacteria","1","38737","0.000025815112166662364"
"418240","species","Blautia wexlerae","Blautia","1401","38737","0.03616697214549397"
"376806","species","Bacteroides gallinarum","Bacteroides","11","38737","0.000283966233833286"
"46506","species","Bacteroides stercoris","Bacteroides","9596","38737","0.24772181635129203"
"871665","species","Blautia faecis","Blautia","454","38737","0.011720060923664713"
"487175","species","Parasutterella excrementihominis","Parasutterella","558","38737","0.0144048325889976"
"853","species","Faecalibacterium prausnitzii","Faecalibacterium","2072","38737","0.05348891240932442"
"820","species","Bacteroides uniformis","Bacteroides","3181","38737","0.08211787180215298"
"160404","species","[Clostridium] lactatifermentans","Tyzzerella","265","38737","0.0068410047241655265"
"","species","other Actinobacteria class","other Actinobacteria class","2","38737","0.00005163022433332473"
"29343","species","[Clostridium] cellulosi","Ruminiclostridium","187","38737","0.004827425975165862"
"1118061","species","Alistipes obesi","Alistipes","42","38737","0.0010842347109998192"
"","species","Blautia species","Blautia","44","38737","0.001135864935333144"
"1150298","species","Fusicatenibacter saccharivorans","Fusicatenibacter","763","38737","0.019696930583163384"
"39488","species","[Eubacterium] hallii","Eubacterium","280","38737","0.007228231406665462"
"617123","species","Lachnoanaerobaculum umeaense","Lachnoanaerobaculum","24","38737","0.0006195626919998968"
"","species","Bacteroides species","Bacteroides","753","38737","0.01943877946149676"
"239935","species","Akkermansia muciniphila","Akkermansia","1397","38737","0.03606371169682732"
"","species","Oscillibacter species","Oscillibacter","341","38737","0.008802953248831865"
"1264","species","Ruminococcus albus","Ruminococcus","609","38737","0.01572140330949738"
"33039","species","[Ruminococcus] torques","Blautia","676","38737","0.017451015824663758"
"","species","Lachnoclostridium species","Lachnoclostridium","267","38737","0.006892634948498851"
"69824","species","[Clostridium] cocleatum","Erysipelatoclostridium","111","38737","0.0028654774504995226"
"40518","species","Ruminococcus bromii","Ruminococcus","971","38737","0.025066473913829157"
"821","species","Bacteroides vulgatus","Bacteroides","3453","38737","0.08913958231148514"
"","species","Ruminiclostridium species","Ruminiclostridium","758","38737","0.01956785502233007"
"574930","species","Parabacteroides gordonii","Parabacteroides","215","38737","0.005550249115832408"
"166486","species","Roseburia intestinalis","Roseburia","6","38737","0.0001548906729999742"
"201571","species","Desulfovibrio vietnamensis","Desulfovibrio","270","38737","0.006970080284998838"
"1535","species","[Clostridium] leptum","Ruminiclostridium","109","38737","0.0028138472261661977"
"626932","species","Alistipes indistinctus","Alistipes","143","38737","0.003691561039832718"
"39485","species","[Eubacterium] eligens","Eubacterium","735","38737","0.018974107442496838"
"28117","species","Alistipes putredinis","Alistipes","146","38737","0.003769006376332705"
"371601","species","Bacteroides xylanisolvens","Bacteroides","237","38737","0.00611818158349898"
"39492","species","[Eubacterium] siraeum","Ruminiclostridium","434","38737","0.011203758680331466"
"938288","species","Fenollaria massiliensis","Fenollaria","79","38737","0.0020393938611663266"
"1549","species","[Clostridium] sporosphaeroides","Ruminiclostridium","324","38737","0.008364096341998606"
"745368","species","Gemmiger formicilis","Gemmiger","347","38737","0.00895784392183184"
"","species","other Ruminococcaceae family","other Ruminococcaceae family","557","38737","0.014379017476830937"
"1512","species","[Clostridium] symbiosum","Lachnoclostridium","248","38737","0.0064021478173322665"
"","species","other Veillonellaceae family","other Veillonellaceae family","146","38737","0.003769006376332705"
"645466","species","Anaerostipes butyraticus","Anaerostipes","36","38737","0.0009293440379998452"
"204516","species","Bacteroides massiliensis","Bacteroides","11","38737","0.000283966233833286"
"290054","species","Eubacterium coprostanoligenes","Eubacterium","63","38737","0.0016263520664997289"
"44749","species","Sporobacter termitidis","Sporobacter","76","38737","0.0019619485246663397"
"1472761","species","Enorma massiliensis","Enorma","1","38737","0.000025815112166662364"
"358743","species","[Clostridium] citroniae","Lachnoclostridium","19","38737","0.0004904871311665849"
"140626","species","Lachnobacterium bovis","Lachnobacterium","36","38737","0.0009293440379998452"
"116085","species","Coprococcus catus","Coprococcus","46","38737","0.0011874951596664688"
"1297617","species","Intestinimonas butyriciproducens","Intestinimonas","219","38737","0.005653509564499058"
"357276","species","Bacteroides dorei","Bacteroides","24","38737","0.0006195626919998968"
"35830","species","Acetivibrio cellulolyticus","Acetivibrio","2","38737","0.00005163022433332473"
"536633","species","Blautia glucerasea","Blautia","152","38737","0.003923897049332679"
"214856","species","Alistipes finegoldii","Alistipes","106","38737","0.0027364018896662108"
"28116","species","Bacteroides ovatus","Bacteroides","84","38737","0.0021684694219996385"
"938289","species","Levyella massiliensis","Levyella","116","38737","0.002994553011332834"
"168384","species","Marvinbryantia formatexigens","Marvinbryantia","24","38737","0.0006195626919998968"
"39491","species","[Eubacterium] rectale","Lachnospiraceae","404","38737","0.010429305315331596"
"47678","species","Bacteroides caccae","Bacteroides","314","38737","0.008105945220331982"
"1472417","species","Butyricimonas paravirosa","Butyricimonas","19","38737","0.0004904871311665849"
"47246","species","[Clostridium] viride","Ruminiclostridium","233","38737","0.0060149211348323305"
"","species","other Firmicutes phylum","other Firmicutes phylum","17","38737","0.0004388569068332602"
"301301","species","Roseburia hominis","Roseburia","3","38737","0.0000774453364999871"
"28118","species","Odoribacter splanchnicus","Odoribacter","65","38737","0.0016779822908330538"
"29347","species","[Clostridium] scindens","Lachnoclostridium","13","38737","0.00033559645816661073"
"89014","species","Blautia luti","Blautia","255","38737","0.006582853602498903"
"33025","species","Phascolarctobacterium faecium","Phascolarctobacterium","4","38737","0.00010326044866664946"
"165179","species","Prevotella copri","Prevotella","33","38737","0.000851898701499858"
"292800","species","Flavonifractor plautii","Flavonifractor","311","38737","0.008028499883831995"
"","species","Erysipelatoclostridium species","Erysipelatoclostridium","16","38737","0.00041304179466659783"
"","species","other Clostridiales order","other Clostridiales order","427","38737","0.01102305289516483"
"43995","species","Johnsonella ignava","Johnsonella","1","38737","0.000025815112166662364"
"","species","Lachnoanaerobaculum species","Lachnoanaerobaculum","17","38737","0.0004388569068332602"
"39490","species","Eubacterium ramulus","Eubacterium","3","38737","0.0000774453364999871"
"320502","species","[Clostridium] alkalicellulosi","Ruminiclostridium","3","38737","0.0000774453364999871"
"281920","species","Porphyromonas uenonis","Porphyromonas","29","38737","0.0007486382528332085"
"384636","species","Bacteroides xylanolyticus","Bacteroides","2","38737","0.00005163022433332473"
"94009","species","Thermicanus aegyptius","Thermicanus","14","38737","0.0003614115703332731"
"938278","species","Casaltella massiliensis","Casaltella","104","38737","0.002684771665332886"
"169435","species","Anaerotruncus colihominis","Anaerotruncus","21","38737","0.0005421173554999096"
"237576","species","Oribacterium sinus","Oribacterium","103","38737","0.0026589565531662234"
"180332","species","Robinsoniella peoriensis","Robinsoniella","30","38737","0.000774453364999871"
"","species","Clostridium species","Clostridium","43","38737","0.0011100498231664817"
"55583","species","Dehalobacter restrictus","Dehalobacter","15","38737","0.0003872266824999355"
"28127","species","Prevotella buccalis","Prevotella","269","38737","0.006944265172832176"
"1322","species","Blautia hansenii","Blautia","9","38737","0.0002323360094999613"
"1472416","species","Butyricimonas faecihominis","Butyricimonas","13","38737","0.00033559645816661073"
"329854","species","Bacteroides intestinalis","Bacteroides","27","38737","0.0006970080284998838"
"39484","species","Eubacterium desmolans","Eubacterium","89","38737","0.0022975449828329503"
"84112","species","Eggerthella lenta","Eggerthella","12","38737","0.0003097813459999484"
"33035","species","Blautia producta","Blautia","22","38737","0.000567932467666572"
"544645","species","Butyricimonas virosa","Butyricimonas","62","38737","0.0016005369543330666"
"1263547","species","Oscillibacter ruminantium","Oscillibacter","69","38737","0.0017812427394997032"
"51123","species","[Eubacterium] saphenum","Clostridiales Family XIII. Incertae Sedis","1","38737","0.000025815112166662364"
"471189","species","Gordonibacter pamelaeae","Gordonibacter","2","38737","0.00005163022433332473"
"214851","species","Subdoligranulum variabile","Subdoligranulum","25","38737","0.0006453778041665591"
"261299","species","Intestinibacter bartlettii","Intestinibacter","1","38737","0.000025815112166662364"
"1133319","species","Bacteroides reticulotermitis","Bacteroides","6","38737","0.0001548906729999742"
"592978","species","Ruminococcus faecis","Ruminococcus","186","38737","0.0048016108629991994"
"","species","Alistipes species","Alistipes","35","38737","0.0009035289258331827"
"","species","Peptoniphilus species","Peptoniphilus","16","38737","0.00041304179466659783"
"308994","species","Dialister propionicifaciens","Dialister","22","38737","0.000567932467666572"
"1495","species","Clostridium cylindrosporum","Clostridium","3","38737","0.0000774453364999871"
"","species","other Bacteroidales order","other Bacteroidales order","5","38737","0.00012907556083331182"
"33037","species","Anaerococcus vaginalis","Anaerococcus","8","38737","0.00020652089733329891"
"154046","species","Hungatella hathewayi","Hungatella","19","38737","0.0004904871311665849"
"105841","species","Anaerostipes caccae","Anaerostipes","73","38737","0.0018845031881663526"
"","species","Streptococcus species","Streptococcus","47","38737","0.001213310271833131"
"507750","species","Peptoniphilus duerdenii","Peptoniphilus","5","38737","0.00012907556083331182"
"166485","species","Caminicella sporogenes","Caminicella","1","38737","0.000025815112166662364"
"410072","species","Coprococcus comes","Coprococcus","10","38737","0.00025815112166662364"
"","species","Halomonas species","Halomonas","1","38737","0.000025815112166662364"
"691816","species","Bacteroides rodentium","Bacteroides","34","38737","0.0008777138136665204"
"1265","species","Ruminococcus flavefaciens","Ruminococcus","22","38737","0.000567932467666572"
"328814","species","Alistipes shahii","Alistipes","172","38737","0.004440199292665927"
"1161942","species","Ruminococcus champanellensis","Ruminococcus","47","38737","0.001213310271833131"
"291645","species","Bacteroides nordii","Bacteroides","136","38737","0.0035108552546660814"
"649756","species","Anaerostipes hadrus","Anaerostipes","62","38737","0.0016005369543330666"
"947835","species","Lactobacillus rodentium","Lactobacillus","1","38737","0.000025815112166662364"
"1337051","species","Murimonas intestini","Murimonas","13","38737","0.00033559645816661073"
"501496","species","Porphyromonas bennonis","Porphyromonas","45","38737","0.0011616800474998064"
"","species","other Enterobacterales order","other Enterobacterales order","4","38737","0.00010326044866664946"
"29364","species","[Clostridium] polysaccharolyticum","Lachnoclostridium","9","38737","0.0002323360094999613"
"360807","species","Roseburia inulinivorans","Roseburia","4","38737","0.00010326044866664946"
"342942","species","[Clostridium] glycyrrhizinilyticum","Lachnoclostridium","50","38737","0.0012907556083331182"
"474960","species","Hydrogenoanaerobacterium saccharovorans","Hydrogenoanaerobacterium","68","38737","0.0017554276273330407"
"253239","species","Ethanoligenens harbinense","Ethanoligenens","12","38737","0.0003097813459999484"
"","species","Desulfovibrio species","Desulfovibrio","21","38737","0.0005421173554999096"
"","species","Oribacterium species","Oribacterium","48","38737","0.0012391253839997935"
"29546","species","Lawsonia intracellularis","Lawsonia","1","38737","0.000025815112166662364"
"43997","species","Catonella morbi","Catonella","24","38737","0.0006195626919998968"
"","species","Bifidobacterium species","Bifidobacterium","31","38737","0.0008002684771665333"
"1337094","species","Ercella succinigenes","Ercella","14","38737","0.0003614115703332731"
"823","species","Parabacteroides distasonis","Parabacteroides","7","38737","0.00018070578516663654"
"106588","species","Pseudoflavonifractor capillosus","Pseudoflavonifractor","122","38737","0.0031494436843328083"
"932217","species","Anaerosalibacter bizertensis","Anaerosalibacter","6","38737","0.0001548906729999742"
"1547","species","Erysipelatoclostridium ramosum","Erysipelatoclostridium","3","38737","0.0000774453364999871"
"487173","species","Dialister succinatiphilus","Dialister","5","38737","0.00012907556083331182"
"876","species","Desulfovibrio desulfuricans","Desulfovibrio","8","38737","0.00020652089733329891"
"39486","species","Dorea formicigenerans","Dorea","56","38737","0.0014456462813330923"
"84026","species","[Clostridium] methylpentosum","Ruminiclostridium","33","38737","0.000851898701499858"
"28124","species","Porphyromonas endodontalis","Porphyromonas","1","38737","0.000025815112166662364"
"358742","species","[Clostridium] aldenense","Lachnoclostridium","18","38737","0.0004646720189999226"
"376804","species","Bacteroides barnesiae","Bacteroides","8","38737","0.00020652089733329891"
"33043","species","Coprococcus eutactus","Coprococcus","10","38737","0.00025815112166662364"
"","species","other Peptostreptococcaceae family","other Peptostreptococcaceae family","11","38737","0.000283966233833286"
"1732","species","Eubacterium oxidoreducens","Eubacterium","27","38737","0.0006970080284998838"
"","species","Prevotella species","Prevotella","4","38737","0.00010326044866664946"
"338188","species","Bacteroides finegoldii","Bacteroides","7","38737","0.00018070578516663654"
"44008","species","Enterococcus cecorum","Enterococcus","1","38737","0.000025815112166662364"
"29356","species","Clostridium chartatabidum","Clostridium","19","38737","0.0004904871311665849"
"328813","species","Alistipes onderdonkii","Alistipes","27","38737","0.0006970080284998838"
"138595","species","Olsenella profusa","Olsenella","7","38737","0.00018070578516663654"
"","species","Mogibacterium species","Mogibacterium","3","38737","0.0000774453364999871"
"29361","species","Tyzzerella nexilis","Tyzzerella","7","38737","0.00018070578516663654"
"831","species","Butyrivibrio fibrisolvens","Butyrivibrio","16","38737","0.00041304179466659783"
"840","species","Prevotella loescheii","Prevotella","1","38737","0.000025815112166662364"
"39497","species","Eubacterium xylanophilum","Eubacterium","10","38737","0.00025815112166662364"
"29348","species","[Clostridium] spiroforme","Erysipelatoclostridium","12","38737","0.0003097813459999484"
"454154","species","Paraprevotella clara","Paraprevotella","2","38737","0.00005163022433332473"
"1510","species","[Clostridium] stercorarium","Ruminiclostridium","1","38737","0.000025815112166662364"
"33031","species","Peptoniphilus lacrimalis","Peptoniphilus","5","38737","0.00012907556083331182"
"33038","species","[Ruminococcus] gnavus","Blautia","8","38737","0.00020652089733329891"
"1232428","species","Megasphaera massiliensis","Megasphaera","1","38737","0.000025815112166662364"
"258515","species","Acetanaerobacterium elongatum","Acetanaerobacterium","5","38737","0.00012907556083331182"
"","species","Acetobacterium species","Acetobacterium","1","38737","0.000025815112166662364"
"53443","species","Blautia hydrogenotrophica","Blautia","35","38737","0.0009035289258331827"
"","species","other Lachnospiraceae family","other Lachnospiraceae family","41","38737","0.001058419598833157"
"100884","species","Coprobacillus cateniformis","Coprobacillus","10","38737","0.00025815112166662364"
"","species","Leuconostoc species","Leuconostoc","1","38737","0.000025815112166662364"
"575978","species","Desulfovibrio idahonensis","Desulfovibrio","1","38737","0.000025815112166662364"
"633404","species","Sporosarcina thermotolerans","Sporosarcina","9","38737","0.0002323360094999613"
"1115758","species","Romboutsia ilealis","Romboutsia","1","38737","0.000025815112166662364"
"161493","species","Anaeromyxobacter dehalogenans","Anaeromyxobacter","9","38737","0.0002323360094999613"
"507751","species","Peptoniphilus koenoeneniae","Peptoniphilus","5","38737","0.00012907556083331182"
"","species","Desulfomicrobium species","Desulfomicrobium","19","38737","0.0004904871311665849"
"879566","species","Acetatifactor muris","Acetatifactor","8","38737","0.00020652089733329891"
"","species","other Lactobacillales order","other Lactobacillales order","5","38737","0.00012907556083331182"
"2382","species","Acetitomaculum ruminis","Acetitomaculum","3","38737","0.0000774453364999871"
"","species","Tyzzerella species","Tyzzerella","12","38737","0.0003097813459999484"
"1260","species","Finegoldia magna","Finegoldia","37","38737","0.0009551591501665075"
"","species","other Eubacteriaceae family","other Eubacteriaceae family","3","38737","0.0000774453364999871"
"","species","other Cytophagales order","other Cytophagales order","1","38737","0.000025815112166662364"
"131110","species","Actinomyces radingae","Actinomyces","3","38737","0.0000774453364999871"
"747656","species","Streptococcus danieliae","Streptococcus","2","38737","0.00005163022433332473"
"29322","species","[Eubacterium] cellulosolvens","Eubacterium","17","38737","0.0004388569068332602"
"36832","species","[Clostridium] aerotolerans","Lachnoclostridium","1","38737","0.000025815112166662364"
"","species","Parabacteroides species","Parabacteroides","3","38737","0.0000774453364999871"
"729","species","Haemophilus parainfluenzae","Haemophilus","1","38737","0.000025815112166662364"
"46507","species","[Bacteroides] coagulans","Tissierellia","1","38737","0.000025815112166662364"
"115544","species","Parasporobacterium paucivorans","Parasporobacterium","6","38737","0.0001548906729999742"
"","species","Weissella species","Weissella","4","38737","0.00010326044866664946"
"61171","species","Holdemania filiformis","Holdemania","10","38737","0.00025815112166662364"
"","species","Corynebacterium species","Corynebacterium","7","38737","0.00018070578516663654"
"85831","species","Bacteroides acidifaciens","Bacteroides","4","38737","0.00010326044866664946"
"","species","Dialister species","Dialister","1","38737","0.000025815112166662364"
"","species","other Clostridia class","other Clostridia class","8","38737","0.00020652089733329891"
"310298","species","Bacteroides coprocola","Bacteroides","8","38737","0.00020652089733329891"
"","species","Ruminococcus species","Ruminococcus","23","38737","0.0005937475798332344"
"","species","other Desulfovibrionales order","other Desulfovibrionales order","2","38737","0.00005163022433332473"
"626947","species","Parasutterella secunda","Parasutterella","2","38737","0.00005163022433332473"
"","species","Barnesiella species","Barnesiella","1","38737","0.000025815112166662364"
"40520","species","Blautia obeum","Blautia","12","38737","0.0003097813459999484"
"156456","species","Anaeroglobus geminatus","Anaeroglobus","1","38737","0.000025815112166662364"
"","species","Serratia species","Serratia","1","38737","0.000025815112166662364"
"671267","species","Bacteroides sartorii","Bacteroides","9","38737","0.0002323360094999613"
"53363","species","Brevibacterium mcbrellneri","Brevibacterium","7","38737","0.00018070578516663654"
"732242","species","Bacteroides paurosaccharolyticus","Bacteroides","7","38737","0.00018070578516663654"
"","species","Cellulosilyticum species","Cellulosilyticum","2","38737","0.00005163022433332473"
"77768","species","Prevotella albensis","Prevotella","3","38737","0.0000774453364999871"
"501571","species","Butyricicoccus pullicaecorum","Butyricicoccus","4","38737","0.00010326044866664946"
"817","species","Bacteroides fragilis","Bacteroides","11","38737","0.000283966233833286"
"","species","Staphylococcus species","Staphylococcus","1","38737","0.000025815112166662364"
"","species","other Porphyromonadaceae family","other Porphyromonadaceae family","4","38737","0.00010326044866664946"
"137730","species","Facklamia ignava","Facklamia","1","38737","0.000025815112166662364"
"218538","species","Dialister invisus","Dialister","16","38737","0.00041304179466659783"
"706562","species","Lactobacillus rogosae","Lactobacillus","3","38737","0.0000774453364999871"
"28125","species","Prevotella bivia","Prevotella","1","38737","0.000025815112166662364"
"301302","species","Roseburia faecis","Roseburia","9","38737","0.0002323360094999613"
"1544","species","[Clostridium] oroticum","Lachnoclostridium","3","38737","0.0000774453364999871"
"","species","Natranaerovirga species","Natranaerovirga","1","38737","0.000025815112166662364"
"","species","Sphingomonas species","Sphingomonas","6","38737","0.0001548906729999742"
"745119","species","Brassicibacter mesophilus","Brassicibacter","4","38737","0.00010326044866664946"
"","species","other Verrucomicrobiales order","other Verrucomicrobiales order","4","38737","0.00010326044866664946"
"34011","species","Niveispirillum irakense","Niveispirillum","1","38737","0.000025815112166662364"
"","species","Paenibacillus species","Paenibacillus","5","38737","0.00012907556083331182"
"938293","species","Anaerococcus provenciensis","Anaerococcus","3","38737","0.0000774453364999871"
"671077","species","Caldinitratiruptor microaerophilus","Caldinitratiruptor","3","38737","0.0000774453364999871"
"384638","species","[Bacteroides] pectinophilus","Clostridiales","9","38737","0.0002323360094999613"
"818","species","Bacteroides thetaiotaomicron","Bacteroides","2","38737","0.00005163022433332473"
"288965","species","[Clostridium] clariflavum","Ruminiclostridium","3","38737","0.0000774453364999871"
"","species","Butyricimonas species","Butyricimonas","11","38737","0.000283966233833286"
"180164","species","Blautia schinkii","Blautia","4","38737","0.00010326044866664946"
"180311","species","Hespellia stercorisuis","Hespellia","2","38737","0.00005163022433332473"
"","species","Lactococcus species","Lactococcus","14","38737","0.0003614115703332731"
"29360","species","Cellulosilyticum lentocellum","Cellulosilyticum","2","38737","0.00005163022433332473"
"363265","species","Prevotella stercorea","Prevotella","2","38737","0.00005163022433332473"
"1410681","species","Methyloglobulus morosus","Methyloglobulus","1","38737","0.000025815112166662364"
"46228","species","Ruminococcus lactaris","Ruminococcus","2","38737","0.00005163022433332473"
"102886","species","Streptococcus didelphis","Streptococcus","1","38737","0.000025815112166662364"
"113287","species","Pseudoramibacter alactolyticus","Pseudoramibacter","1","38737","0.000025815112166662364"
"36845","species","Clostridium intestinale","Clostridium","6","38737","0.0001548906729999742"
"633701","species","Prevotella saccharolytica","Prevotella","3","38737","0.0000774453364999871"
"45254","species","Dysgonomonas capnocytophagoides","Dysgonomonas","2","38737","0.00005163022433332473"
"620903","species","Negativicoccus succinicivorans","Negativicoccus","1","38737","0.000025815112166662364"
"66835","species","Desulfocella halophila","Desulfocella","2","38737","0.00005163022433332473"
"35519","species","Mogibacterium timidum","Mogibacterium","4","38737","0.00010326044866664946"
"626930","species","Bacteroides fluxus","Bacteroides","10","38737","0.00025815112166662364"
"310300","species","Bacteroides pyogenes","Bacteroides","6","38737","0.0001548906729999742"
"","species","other Myxococcales order","other Myxococcales order","1","38737","0.000025815112166662364"
"","species","Terrisporobacter species","Terrisporobacter","2","38737","0.00005163022433332473"
"40545","species","Sutterella wadsworthensis","Sutterella","4","38737","0.00010326044866664946"
"847","species","Oxalobacter formigenes","Oxalobacter","1","38737","0.000025815112166662364"
"379900","species","Niabella aurantiaca","Niabella","2","38737","0.00005163022433332473"
"121163","species","Actinomyces suimastitidis","Actinomyces","2","38737","0.00005163022433332473"
"2051","species","Mobiluncus curtisii","Mobiluncus","4","38737","0.00010326044866664946"
"","species","Caloramator species","Caloramator","2","38737","0.00005163022433332473"
"88431","species","Dorea longicatena","Dorea","1","38737","0.000025815112166662364"
"29370","species","[Clostridium] sphenoides","Lachnoclostridium","1","38737","0.000025815112166662364"
"676965","species","Moorella humiferrea","Moorella","3","38737","0.0000774453364999871"
"","species","Mycoplasma species","Mycoplasma","1","38737","0.000025815112166662364"
"","species","other Erysipelotrichaceae family","other Erysipelotrichaceae family","2","38737","0.00005163022433332473"
"177972","species","Shuttleworthia satelles","Shuttleworthia","4","38737","0.00010326044866664946"
"40519","species","Ruminococcus callidus","Ruminococcus","3","38737","0.0000774453364999871"
"","species","Roseburia species","Roseburia","6","38737","0.0001548906729999742"
"1468449","species","Holdemania massiliensis","Holdemania","4","38737","0.00010326044866664946"
"84163","species","Cryptobacterium curtum","Cryptobacterium","1","38737","0.000025815112166662364"
"33030","species","Peptoniphilus indolicus","Peptoniphilus","1","38737","0.000025815112166662364"
"46503","species","Parabacteroides merdae","Parabacteroides","2","38737","0.00005163022433332473"
"","species","other Hyphomonadaceae family","other Hyphomonadaceae family","1","38737","0.000025815112166662364"
"452623","species","Pseudoclavibacter soli","Pseudoclavibacter","1","38737","0.000025815112166662364"
"246787","species","Bacteroides cellulosilyticus","Bacteroides","3","38737","0.0000774453364999871"
"","species","Lactobacillus species","Lactobacillus","3","38737","0.0000774453364999871"
"555313","species","Phocaeicola abscessus","Phocaeicola","1","38737","0.000025815112166662364"
"","species","other Proteobacteria phylum","other Proteobacteria phylum","3","38737","0.0000774453364999871"
"187327","species","Acidaminococcus intestini","Acidaminococcus","2","38737","0.00005163022433332473"
"1526","species","[Clostridium] aminophilum","Lachnoclostridium","2","38737","0.00005163022433332473"
"286803","species","Sporacetigenium mesophilum","Sporacetigenium","1","38737","0.000025815112166662364"
"328812","species","Parabacteroides goldsteinii","Parabacteroides","1","38737","0.000025815112166662364"
"937254","species","Thermohydrogenium kirishiense","Thermohydrogenium","1","38737","0.000025815112166662364"
"1522","species","[Clostridium] innocuum","Erysipelatoclostridium","2","38737","0.00005163022433332473"
"58180","species","Desulfovibrio alaskensis","Desulfovibrio","1","38737","0.000025815112166662364"
"105483","species","Desulfotomaculum alkaliphilum","Desulfotomaculum","3","38737","0.0000774453364999871"
"1182444","species","Fulvitalea axinellae","Fulvitalea","1","38737","0.000025815112166662364"
"","species","Porphyromonas species","Porphyromonas","3","38737","0.0000774453364999871"
"682400","species","Natranaerovirga pectinivora","Natranaerovirga","1","38737","0.000025815112166662364"
"","species","other Betaproteobacteria class","other Betaproteobacteria class","1","38737","0.000025815112166662364"
"1134405","species","Melioribacter roseus","Melioribacter","1","38737","0.000025815112166662364"
"1157315","species","Clostridium kogasensis","Clostridium","1","38737","0.000025815112166662364"
"433323","species","Aminicella lysinilytica","Aminicella","1","38737","0.000025815112166662364"
"1251","species","Leuconostoc fallax","Leuconostoc","1","38737","0.000025815112166662364"
"288966","species","Lutispora thermophila","Lutispora","1","38737","0.000025815112166662364"
"","species","other Deltaproteobacteria class","other Deltaproteobacteria class","1","38737","0.000025815112166662364"
"83231","species","Prevotella brevis","Prevotella","1","38737","0.000025815112166662364"
"","species","Aquisalimonas species","Aquisalimonas","1","38737","0.000025815112166662364"
"","species","Solirubrobacter species","Solirubrobacter","1","38737","0.000025815112166662364"
"857392","species","Marinilabilia nitratireducens","Marinilabilia","1","38737","0.000025815112166662364"
"1537568","species","Desulfovibrio biadhensis","Desulfovibrio","3","38737","0.0000774453364999871"
"1602","species","Lactobacillus alimentarius","Lactobacillus","1","38737","0.000025815112166662364"
"180286","species","Hespellia porcina","Hespellia","2","38737","0.00005163022433332473"
"155865","species","Eubacterium pyruvativorans","Eubacterium","1","38737","0.000025815112166662364"
"351091","species","Oscillibacter valericigenes","Oscillibacter","1","38737","0.000025815112166662364"
"404403","species","Howardella ureilytica","Howardella","2","38737","0.00005163022433332473"
"","species","Hydrogenophilus species","Hydrogenophilus","1","38737","0.000025815112166662364"
"","species","other Bacteroidetes phylum","other Bacteroidetes phylum","1","38737","0.000025815112166662364"
"234908","species","Sutterella stercoricanis","Sutterella","2","38737","0.00005163022433332473"
"78343","species","Bifidobacterium boum","Bifidobacterium","1","38737","0.000025815112166662364"
"28128","species","Prevotella corporis","Prevotella","1","38737","0.000025815112166662364"
"1431249","species","Agaribacter marinus","Agaribacter","1","38737","0.000025815112166662364"
"","species","other Eggerthellaceae family","other Eggerthellaceae family","4","38737","0.00010326044866664946"
"143361","species","Filifactor alocis","Filifactor","1","38737","0.000025815112166662364"
"","species","Nevskia species","Nevskia","1","38737","0.000025815112166662364"
"345342","species","Herminiimonas aquatilis","Herminiimonas","1","38737","0.000025815112166662364"
"232270","species","Effusibacillus pohliae","Effusibacillus","1","38737","0.000025815112166662364"
"1432052","species","Eisenbergiella tayi","Eisenbergiella","2","38737","0.00005163022433332473"
"438033","species","Ruminococcus gauvreauii","Ruminococcus","1","38737","0.000025815112166662364"
"","species","Hungatella species","Hungatella","1","38737","0.000025815112166662364"
"1628157","species","Carboxylicivirga linearis","Carboxylicivirga","2","38737","0.00005163022433332473"
"381306","species","Thiohalorhabdus denitrificans","Thiohalorhabdus","1","38737","0.000025815112166662364"
"285983","species","Bacillus subterraneus","Bacillus","2","38737","0.00005163022433332473"
"66219","species","Lachnoclostridium phytofermentans","Lachnoclostridium","1","38737","0.000025815112166662364"
"433338","species","Anaerocella delicata","Anaerocella","1","38737","0.000025815112166662364"
"","species","Desulfosarcina species","Desulfosarcina","1","38737","0.000025815112166662364"
"490090","species","Cerasicoccus frondis","Cerasicoccus","1","38737","0.000025815112166662364"
"650891","species","Marinobacter daqiaonensis","Marinobacter","1","38737","0.000025815112166662364"
"376805","species","Bacteroides salanitronis","Bacteroides","2","38737","0.00005163022433332473"
"100176","species","Papillibacter cinnamivorans","Papillibacter","1","38737","0.000025815112166662364"
"","species","Marinifilum species","Marinifilum","1","38737","0.000025815112166662364"
"1368474","species","Romboutsia sedimentorum","Romboutsia","1","38737","0.000025815112166662364"
"","species","Moraxella species","Moraxella","1","38737","0.000025815112166662364"
"28111","species","Bacteroides eggerthii","Bacteroides","1","38737","0.000025815112166662364"
"28113","species","Bacteroides heparinolyticus","Bacteroides","2","38737","0.00005163022433332473"
"1309792","species","Gracilimonas rosea","Gracilimonas","1","38737","0.000025815112166662364"
"1082276","species","Hydrogenispora ethanolica","Hydrogenispora","1","38737","0.000025815112166662364"
"28134","species","Prevotella oralis","Prevotella","1","38737","0.000025815112166662364"
"187326","species","Megasphaera micronuciformis","Megasphaera","1","38737","0.000025815112166662364"
"1268254","species","Peptoniphilus timonensis","Peptoniphilus","1","38737","0.000025815112166662364"
"571438","species","Desulfovibrio legallii","Desulfovibrio","1","38737","0.000025815112166662364"
"","species","other Selenomonadaceae family","other Selenomonadaceae family","1","38737","0.000025815112166662364"
"361111","species","Desulfoglaeba alkanexedens","Desulfoglaeba","1","38737","0.000025815112166662364"
"1603886","species","Bifidobacterium lemurum","Bifidobacterium","1","38737","0.000025815112166662364"
"100133","species","Sporobacterium olearium","Sporobacterium","2","38737","0.00005163022433332473"
"","species","Megasphaera species","Megasphaera","1","38737","0.000025815112166662364"
"","species","other Bacilli class","other Bacilli class","1","38737","0.000025815112166662364"
"154288","species","Turicibacter sanguinis","Turicibacter","2","38737","0.00005163022433332473"
"","species","Desulfobulbus species","Desulfobulbus","1","38737","0.000025815112166662364"
"99675","species","Clostridium putrefaciens","Clostridium","1","38737","0.000025815112166662364"
"","species","other Marinilabiliaceae family","other Marinilabiliaceae family","2","38737","0.00005163022433332473"
"","species","Dietzia species","Dietzia","1","38737","0.000025815112166662364"
"1096246","species","Hungatella effluvii","Hungatella","2","38737","0.00005163022433332473"
"1218492","species","Lactobacillus mellifer","Lactobacillus","1","38737","0.000025815112166662364"
"293256","species","Desulfovibrio alkalitolerans","Desulfovibrio","1","38737","0.000025815112166662364"
"386414","species","Prevotella timonensis","Prevotella","1","38737","0.000025815112166662364"
"626929","species","Bacteroides clarus","Bacteroides","1","38737","0.000025815112166662364"
"755172","species","Peptoniphilus coxii","Peptoniphilus","4","38737","0.00010326044866664946"
"","species","Veillonella species","Veillonella","1","38737","0.000025815112166662364"
"","species","Desulfonatronum species","Desulfonatronum","1","38737","0.000025815112166662364"
"310297","species","Bacteroides plebeius","Bacteroides","2","38737","0.00005163022433332473"
"76009","species","Fusibacter paucivorans","Fusibacter","1","38737","0.000025815112166662364"
"28052","species","Lachnospira pectinoschiza","Lachnospira","1","38737","0.000025815112166662364"
"","species","Acetoanaerobium species","Acetoanaerobium","1","38737","0.000025815112166662364"
"","species","other Rikenellaceae family","other Rikenellaceae family","1","38737","0.000025815112166662364"
"","species","Alkaliphilus species","Alkaliphilus","1","38737","0.000025815112166662364"
"44253","species","Paenibacillus validus","Paenibacillus","1","38737","0.000025815112166662364"
"387090","species","Bacteroides coprophilus","Bacteroides","1","38737","0.000025815112166662364"
"454155","species","Paraprevotella xylaniphila","Paraprevotella","1","38737","0.000025815112166662364"
"","species","other Chitinophagaceae family","other Chitinophagaceae family","1","38737","0.000025815112166662364"
"51669","species","Tetragenococcus halophilus","Tetragenococcus","3","38737","0.0000774453364999871"
"","species","Syntrophomonas species","Syntrophomonas","1","38737","0.000025815112166662364"
"39496","species","Eubacterium ventriosum","Eubacterium","1","38737","0.000025815112166662364"
"246618","species","Bifidobacterium thermacidophilum","Bifidobacterium","1","38737","0.000025815112166662364"
"1314","species","Streptococcus pyogenes","Streptococcus","1","38737","0.000025815112166662364"
"28114","species","Porphyromonas levii","Porphyromonas","1","38737","0.000025815112166662364"
"472113","species","Geofilum rubicundum","Geofilum","1","38737","0.000025815112166662364"
"879970","species","Defluviitalea saccharophila","Defluviitalea","1","38737","0.000025815112166662364"